PassengerId,Survived,Pclass,Fare_per_person_log_rs,FamilySize_rs,TicketGroupSize_rs,Title_agrupado_Miss,Title_agrupado_Mr,Title_agrupado_Mrs,Title_agrupado_Nobleza,Title_agrupado_Oficial_Profesional,Sex_Pclass_female_2,Sex_Pclass_female_3,Sex_Pclass_male_1,Sex_Pclass_male_2,Sex_Pclass_male_3,AgeGroup_Adulto (36-60),AgeGroup_Adulto joven (18-35),AgeGroup_Mayor (60+),AgeGroup_Niño (0-12),Embarked_clean_Q,Embarked_clean_S,Deck_combinado_B,Deck_combinado_C,Deck_combinado_D,Deck_combinado_Desconocida,Deck_combinado_E,Deck_combinado_F,Deck_combinado_G,Deck_combinado_T
1,0,3,-0.16745249110447907,1.0,0.0,False,True,False,False,False,False,False,False,False,True,False,True,False,False,False,True,False,False,False,True,False,False,False,False
2,1,1,1.8828640067100573,1.0,0.0,False,False,True,False,False,False,False,False,False,False,True,False,False,False,False,False,False,True,False,False,False,False,False,False
3,1,3,-0.09315982930482611,0.0,0.0,True,False,False,False,False,False,True,False,False,False,False,True,False,False,False,True,False,False,False,True,False,False,False,False
4,1,1,0.9716336864076672,1.0,1.0,False,False,True,False,False,False,False,False,False,False,False,True,False,False,False,True,False,True,False,False,False,False,False,False
5,0,3,-0.08002080082508924,0.0,0.0,False,True,False,False,False,False,False,False,False,True,False,True,False,False,False,True,False,False,False,True,False,False,False,False
6,0,3,-0.038334010794056114,0.0,0.0,False,True,False,False,False,False,False,False,False,True,False,True,False,False,True,False,False,False,False,True,False,False,False,False
7,0,1,1.587274369571993,0.0,0.0,False,True,False,False,False,False,False,True,False,False,True,False,False,False,False,True,False,False,False,False,True,False,False,False
8,0,3,-0.4268960950395102,4.0,3.0,False,False,False,False,False,False,False,False,False,True,False,False,False,True,False,True,False,False,False,True,False,False,False,False
9,1,3,-0.6967494390935358,2.0,2.0,False,False,True,False,False,False,True,False,False,False,False,True,False,False,False,True,False,False,False,True,False,False,False,False
10,1,2,0.4603688234896951,1.0,1.0,False,False,True,False,False,True,False,False,False,False,False,False,False,False,False,False,False,False,False,True,False,False,False,False
11,1,3,-0.04921325817657352,2.0,1.0,True,False,False,False,False,False,True,False,False,False,False,False,False,True,False,True,False,False,False,False,False,False,True,False
12,1,1,0.9716336864076672,0.0,0.0,True,False,False,False,False,False,False,False,False,False,True,False,False,False,False,True,False,True,False,False,False,False,False,False
13,0,3,-0.08002080082508924,0.0,0.0,False,True,False,False,False,False,False,False,False,True,False,True,False,False,False,True,False,False,False,True,False,False,False,False
14,0,3,-0.5560247001453711,6.0,6.0,False,True,False,False,False,False,False,False,False,True,True,False,False,False,False,True,False,False,False,True,False,False,False,False
15,0,3,-0.10068365069373389,0.0,0.0,True,False,False,False,False,False,True,False,False,False,False,False,False,False,False,True,False,False,False,True,False,False,False,False
16,1,2,0.5155519491915415,0.0,0.0,False,False,True,False,False,True,False,False,False,False,True,False,False,False,False,True,False,False,False,True,False,False,False,False
17,0,3,-0.34658369873252803,5.0,4.0,False,False,False,False,False,False,False,False,False,True,False,False,False,True,True,False,False,False,False,True,False,False,False,False
18,1,2,0.3321364670134198,0.0,0.0,False,True,False,False,False,False,False,False,True,False,False,True,False,False,False,True,False,False,False,True,False,False,False,False
19,0,3,0.6206246843990995,1.0,0.0,False,False,True,False,False,False,True,False,False,False,False,True,False,False,False,True,False,False,False,True,False,False,False,False
20,1,3,-0.1703195067167102,0.0,0.0,False,False,True,False,False,False,True,False,False,False,False,True,False,False,False,False,False,False,False,True,False,False,False,False
21,0,2,0.3321364670134198,0.0,1.0,False,True,False,False,False,False,False,False,True,False,False,True,False,False,False,True,False,False,False,True,False,False,False,False
22,1,2,0.3321364670134198,0.0,0.0,False,True,False,False,False,False,False,False,True,False,False,True,False,False,False,True,False,False,True,False,False,False,False,False
23,1,3,-0.08219450008032093,0.0,0.0,True,False,False,False,False,False,True,False,False,False,False,False,False,False,True,False,False,False,False,True,False,False,False,False
24,1,1,1.2373816159730344,0.0,0.0,False,True,False,False,False,False,False,True,False,False,False,True,False,False,False,True,False,False,False,False,False,False,False,False
25,0,3,-0.4268960950395102,4.0,3.0,True,False,False,False,False,False,True,False,False,False,False,False,False,True,False,True,False,False,False,True,False,False,False,False
26,1,3,-0.10146550017210422,6.0,3.0,False,False,True,False,False,False,True,False,False,False,True,False,False,False,False,True,False,False,False,True,False,False,False,False
27,0,3,-0.1703195067167102,0.0,0.0,False,True,False,False,False,False,False,False,False,True,False,True,False,False,False,False,False,False,False,True,False,False,False,False
28,0,1,1.8076307300250711,5.0,3.0,False,True,False,False,False,False,False,True,False,False,False,True,False,False,False,True,False,True,False,False,False,False,False,False
29,1,3,-0.0980200849224405,0.0,0.0,True,False,False,False,False,False,True,False,False,False,False,True,False,False,True,False,False,False,False,True,False,False,False,False
30,0,3,-0.09625561709496656,0.0,0.0,False,True,False,False,False,False,False,False,False,True,False,True,False,False,False,True,False,False,False,True,False,False,False,False
31,0,1,1.0109504214233365,0.0,0.0,False,False,False,True,False,False,False,True,False,False,True,False,False,False,False,False,False,False,False,True,False,False,False,False
32,1,1,1.9083559518422382,1.0,1.0,False,False,True,False,False,False,False,False,False,False,False,True,False,False,False,False,True,False,False,False,False,False,False,False
33,1,3,-0.11186699346031488,0.0,0.0,True,False,False,False,False,False,True,False,False,False,False,True,False,False,True,False,False,False,False,True,False,False,False,False
34,0,2,0.14630800544128583,0.0,0.0,False,True,False,False,False,False,False,False,True,False,False,False,True,False,False,True,False,False,False,True,False,False,False,False
35,0,1,1.3718934346280025,1.0,1.0,False,True,False,False,False,False,False,True,False,False,False,True,False,False,False,False,False,False,False,True,False,False,False,False
36,0,1,0.9525835631200263,1.0,1.0,False,True,False,False,False,False,False,True,False,False,True,False,False,False,False,True,False,False,False,True,False,False,False,False
37,1,3,-0.16983723958168734,0.0,0.0,False,True,False,False,False,False,False,False,False,True,False,True,False,False,False,False,False,False,False,True,False,False,False,False
38,0,3,-0.08002080082508924,0.0,0.0,False,True,False,False,False,False,False,False,False,True,False,True,False,False,False,True,False,False,False,True,False,False,False,False
39,0,3,0.014277565257904861,2.0,1.0,True,False,False,False,False,False,True,False,False,False,False,True,False,False,False,True,False,False,False,True,False,False,False,False
40,1,3,-0.3752723173411113,1.0,1.0,True,False,False,False,False,False,True,False,False,False,False,False,False,False,False,False,False,False,False,True,False,False,False,False
41,0,3,0.05811678018180994,1.0,0.0,False,False,True,False,False,False,True,False,False,False,True,False,False,False,False,True,False,False,False,True,False,False,False,False
42,0,2,0.14630800544128583,1.0,1.0,False,False,True,False,False,True,False,False,False,False,False,True,False,False,False,True,False,False,False,True,False,False,False,False
43,0,3,-0.09625561709496656,0.0,0.0,False,True,False,False,False,False,False,False,False,True,False,True,False,False,False,False,False,False,False,True,False,False,False,False
44,1,2,0.3884373377202384,3.0,2.0,True,False,False,False,False,True,False,False,False,False,False,False,False,True,False,False,False,False,False,True,False,False,False,False
45,1,3,-0.0980200849224405,0.0,0.0,True,False,False,False,False,False,True,False,False,False,False,True,False,False,True,False,False,False,False,True,False,False,False,False
46,0,3,-0.08002080082508924,0.0,0.0,False,True,False,False,False,False,False,False,False,True,False,True,False,False,False,True,False,False,False,True,False,False,False,False
47,0,3,0.48735042452432814,1.0,0.0,False,True,False,False,False,False,False,False,False,True,False,True,False,False,True,False,False,False,False,True,False,False,False,False
48,1,3,-0.11186699346031488,0.0,0.0,True,False,False,False,False,False,True,False,False,False,False,True,False,False,True,False,False,False,False,True,False,False,False,False
49,0,3,0.7878419224314123,2.0,0.0,False,True,False,False,False,False,False,False,False,True,False,True,False,False,False,False,False,False,False,True,False,False,False,False
50,0,3,0.004783204746180294,1.0,1.0,False,False,True,False,False,False,True,False,False,False,False,True,False,False,False,True,False,False,False,True,False,False,False,False
51,0,3,-0.24316671323426484,5.0,5.0,False,False,False,False,False,False,False,False,False,True,False,False,False,True,False,True,False,False,False,True,False,False,False,False
52,0,3,-0.10648418163647502,0.0,0.0,False,True,False,False,False,False,False,False,False,True,False,True,False,False,False,True,False,False,False,True,False,False,False,False
53,1,1,0.9376450761706607,1.0,2.0,False,False,True,False,False,False,False,False,False,False,True,False,False,False,False,False,False,False,True,False,False,False,False,False
54,1,2,0.9525835631200263,1.0,0.0,False,False,True,False,False,True,False,False,False,False,False,True,False,False,False,True,False,False,False,True,False,False,False,False
55,0,1,1.752697738502315,1.0,0.0,False,True,False,False,False,False,False,True,False,False,False,False,True,False,False,False,True,False,False,False,False,False,False,False
56,1,1,1.2373816159730344,0.0,0.0,False,True,False,False,False,False,False,True,False,False,True,False,False,False,False,True,False,True,False,False,False,False,False,False
57,1,2,0.14630800544128583,0.0,0.0,True,False,False,False,False,True,False,False,False,False,False,True,False,False,False,True,False,False,False,True,False,False,False,False
58,0,3,-0.16983723958168734,0.0,0.0,False,True,False,False,False,False,False,False,False,True,False,True,False,False,False,False,False,False,False,True,False,False,False,False
59,1,2,0.0376042052156784,3.0,2.0,True,False,False,False,False,True,False,False,False,False,False,False,False,True,False,True,False,False,False,True,False,False,False,False
60,0,3,-0.10469670538106424,7.0,5.0,False,False,False,False,False,False,False,False,False,True,False,False,False,True,False,True,False,False,False,True,False,False,False,False
61,0,3,-0.16983723958168734,0.0,0.0,False,True,False,False,False,False,False,False,False,True,False,True,False,False,False,False,False,False,False,True,False,False,False,False
62,1,1,1.3472100364732928,0.0,1.0,True,False,False,False,False,False,False,False,False,False,True,False,False,False,False,True,True,False,False,False,False,False,False,False
63,0,1,1.3864187235283076,1.0,1.0,False,True,False,False,False,False,False,True,False,False,True,False,False,False,False,True,False,True,False,False,False,False,False,False
64,0,3,-0.5250686847541721,5.0,5.0,False,False,False,False,False,False,False,False,False,True,False,False,False,True,False,True,False,False,False,True,False,False,False,False
65,0,1,1.0109504214233365,0.0,0.0,False,True,False,False,False,False,False,True,False,False,True,False,False,False,False,False,False,False,False,True,False,False,False,False
66,1,3,-0.12568979645473227,2.0,1.0,False,False,False,False,False,False,False,False,False,True,False,True,False,False,False,False,False,False,False,True,False,False,False,False
67,1,2,0.14630800544128583,0.0,0.0,False,False,True,False,False,True,False,False,False,False,False,True,False,False,False,True,False,False,False,False,False,True,False,False
68,0,3,-0.06878305210375639,0.0,0.0,False,True,False,False,False,False,False,False,False,True,False,True,False,False,False,True,False,False,False,True,False,False,False,False
69,1,3,-0.09315982930482611,6.0,0.0,True,False,False,False,False,False,True,False,False,False,False,False,False,False,False,True,False,False,False,True,False,False,False,False
70,0,3,-0.018155861572313647,2.0,0.0,False,True,False,False,False,False,False,False,False,True,False,True,False,False,False,True,False,False,False,True,False,False,False,False
71,0,2,0.14630800544128583,0.0,0.0,False,True,False,False,False,False,False,False,True,False,False,True,False,False,False,True,False,False,False,True,False,False,False,False
72,0,3,-0.10469670538106424,7.0,5.0,True,False,False,False,False,False,True,False,False,False,False,False,False,False,False,True,False,False,False,True,False,False,False,False
73,0,2,0.44040009595554735,0.0,4.0,False,True,False,False,False,False,False,False,True,False,False,True,False,False,False,True,False,False,False,True,False,False,False,False
74,0,3,0.4254931242978226,1.0,0.0,False,True,False,False,False,False,False,False,False,True,False,True,False,False,False,False,False,False,False,True,False,False,False,False
75,1,3,-0.0778491161706863,0.0,6.0,False,True,False,False,False,False,False,False,False,True,False,True,False,False,False,True,False,False,False,True,False,False,False,False
76,0,3,-0.12272551438113141,0.0,0.0,False,True,False,False,False,False,False,False,False,True,False,True,False,False,False,True,False,False,False,False,False,True,False,False
77,0,3,-0.09625561709496656,0.0,0.0,False,True,False,False,False,False,False,False,False,True,False,True,False,False,False,True,False,False,False,True,False,False,False,False
78,0,3,-0.08002080082508924,0.0,0.0,False,True,False,False,False,False,False,False,False,True,False,True,False,False,False,True,False,False,False,True,False,False,False,False
79,1,2,0.42828863622640856,2.0,1.0,False,False,False,False,False,False,False,False,True,False,False,False,False,True,False,True,False,False,False,True,False,False,False,False
80,1,3,-0.2911465142873717,0.0,1.0,True,False,False,False,False,False,True,False,False,False,False,True,False,False,False,True,False,False,False,True,False,False,False,False
81,0,3,0.014277565257904861,0.0,0.0,False,True,False,False,False,False,False,False,False,True,False,True,False,False,False,True,False,False,False,True,False,False,False,False
82,1,3,0.06036870239034407,0.0,0.0,False,True,False,False,False,False,False,False,False,True,False,True,False,False,False,True,False,False,False,True,False,False,False,False
83,1,3,-0.10782701188267657,0.0,0.0,True,False,False,False,False,False,True,False,False,False,False,True,False,False,True,False,False,False,False,True,False,False,False,False
84,0,1,1.4980851303684846,0.0,0.0,False,True,False,False,False,False,False,True,False,False,False,True,False,False,False,True,False,False,False,True,False,False,False,False
85,1,2,0.14630800544128583,0.0,0.0,True,False,False,False,False,True,False,False,False,False,False,False,False,False,False,True,False,False,False,True,False,False,False,False
86,1,3,-0.09315982930482611,3.0,1.0,False,False,True,False,False,False,True,False,False,False,False,True,False,False,False,True,False,False,False,True,False,False,False,False
87,0,3,-0.02490142097749254,4.0,3.0,False,True,False,False,False,False,False,False,False,True,False,False,False,False,False,True,False,False,False,True,False,False,False,False
88,0,3,-0.08002080082508924,0.0,0.0,False,True,False,False,False,False,False,False,False,True,False,True,False,False,False,True,False,False,False,True,False,False,False,False
89,1,1,1.8076307300250711,5.0,3.0,True,False,False,False,False,False,False,False,False,False,False,True,False,False,False,True,False,True,False,False,False,False,False,False
90,0,3,-0.08002080082508924,0.0,0.0,False,True,False,False,False,False,False,False,False,True,False,True,False,False,False,True,False,False,False,True,False,False,False,False
91,0,3,-0.08002080082508924,0.0,0.0,False,True,False,False,False,False,False,False,False,True,False,True,False,False,False,True,False,False,False,True,False,False,False,False
92,0,3,-0.10068365069373389,0.0,0.0,False,True,False,False,False,False,False,False,False,True,False,True,False,False,False,True,False,False,False,True,False,False,False,False
93,0,1,1.7405571495101575,1.0,0.0,False,True,False,False,False,False,False,True,False,False,True,False,False,False,False,True,False,False,False,False,True,False,False,False
94,0,3,0.12868865144400396,3.0,1.0,False,True,False,False,False,False,False,False,False,True,False,True,False,False,False,True,False,False,False,True,False,False,False,False
95,0,3,-0.16745249110447907,0.0,0.0,False,True,False,False,False,False,False,False,False,True,True,False,False,False,False,True,False,False,False,True,False,False,False,False
96,0,3,-0.08002080082508924,0.0,0.0,False,True,False,False,False,False,False,False,False,True,False,True,False,False,False,True,False,False,False,True,False,False,False,False
97,0,1,1.215233280289919,0.0,0.0,False,True,False,False,False,False,False,True,False,False,False,False,True,False,False,False,False,False,False,False,False,False,False,False
98,1,1,1.7731608447635965,1.0,0.0,False,True,False,False,False,False,False,True,False,False,False,True,False,False,False,False,False,False,True,False,False,False,False,False
99,1,2,0.22507702041297695,1.0,1.0,False,False,True,False,False,True,False,False,False,False,False,True,False,False,False,True,False,False,False,True,False,False,False,False
100,0,2,0.3321364670134198,1.0,1.0,False,True,False,False,False,False,False,False,True,False,False,True,False,False,False,True,False,False,False,True,False,False,False,False
101,0,3,-0.09625561709496656,0.0,0.0,True,False,False,False,False,False,True,False,False,False,False,True,False,False,False,True,False,False,False,True,False,False,False,False
102,0,3,-0.09625561709496656,0.0,0.0,False,True,False,False,False,False,False,False,False,True,False,True,False,False,False,True,False,False,False,True,False,False,False,False
103,0,1,1.3154321414704457,1.0,1.0,False,True,False,False,False,False,False,True,False,False,False,True,False,False,False,True,False,False,True,False,False,False,False,False
104,0,3,-0.018967682650590754,0.0,0.0,False,True,False,False,False,False,False,False,False,True,False,True,False,False,False,True,False,False,False,True,False,False,False,False
105,0,3,-0.09315982930482611,2.0,0.0,False,True,False,False,False,False,False,False,False,True,True,False,False,False,False,True,False,False,False,True,False,False,False,False
106,0,3,-0.09625561709496656,0.0,0.0,False,True,False,False,False,False,False,False,False,True,False,True,False,False,False,True,False,False,False,True,False,False,False,False
107,1,3,-0.12272551438113141,0.0,0.0,True,False,False,False,False,False,True,False,False,False,False,True,False,False,False,True,False,False,False,True,False,False,False,False
108,1,3,-0.10917175363165299,0.0,0.0,False,True,False,False,False,False,False,False,False,True,False,True,False,False,False,True,False,False,False,True,False,False,False,False
109,0,3,-0.09625561709496656,0.0,0.0,False,True,False,False,False,False,False,False,False,True,True,False,False,False,False,True,False,False,False,True,False,False,False,False
110,1,3,-0.08002080082508924,1.0,2.0,True,False,False,False,False,False,True,False,False,False,False,True,False,False,True,False,False,False,False,True,False,False,False,False
111,0,1,0.9525835631200263,0.0,1.0,False,True,False,False,False,False,False,True,False,False,True,False,False,False,False,True,False,True,False,False,False,False,False,False
112,0,3,-0.1700783423740472,1.0,1.0,True,False,False,False,False,False,True,False,False,False,False,False,False,False,False,False,False,False,False,True,False,False,False,False
113,0,3,-0.08002080082508924,0.0,0.0,False,True,False,False,False,False,False,False,False,True,False,True,False,False,False,True,False,False,False,True,False,False,False,False
114,0,3,0.08916542664826681,1.0,0.0,True,False,False,False,False,False,True,False,False,False,False,True,False,False,False,True,False,False,False,True,False,False,False,False
115,0,3,-0.1698429794093077,0.0,1.0,True,False,False,False,False,False,True,False,False,False,False,False,False,False,False,False,False,False,False,True,False,False,False,False
116,0,3,-0.09315982930482611,0.0,0.0,False,True,False,False,False,False,False,False,False,True,False,True,False,False,False,True,False,False,False,True,False,False,False,False
117,0,3,-0.11186699346031488,0.0,0.0,False,True,False,False,False,False,False,False,False,True,False,False,True,False,True,False,False,False,False,True,False,False,False,False
118,0,2,0.14630800544128583,1.0,1.0,False,True,False,False,False,False,False,False,True,False,False,True,False,False,False,True,False,False,False,True,False,False,False,False
119,0,1,2.3984727204112315,1.0,1.0,False,True,False,False,False,False,False,True,False,False,False,True,False,False,False,False,True,False,False,False,False,False,False,False
120,0,3,-0.5560247001453711,6.0,6.0,True,False,False,False,False,False,True,False,False,False,False,False,False,True,False,True,False,False,False,True,False,False,False,False
121,0,2,0.44040009595554735,2.0,4.0,False,True,False,False,False,False,False,False,True,False,False,True,False,False,False,True,False,False,False,True,False,False,False,False
122,0,3,-0.08002080082508924,0.0,0.0,False,True,False,False,False,False,False,False,False,True,False,True,False,False,False,True,False,False,False,True,False,False,False,False
123,0,2,0.4603688234896951,1.0,1.0,False,True,False,False,False,False,False,False,True,False,False,True,False,False,False,False,False,False,False,True,False,False,False,False
124,1,2,0.3321364670134198,0.0,0.0,True,False,False,False,False,True,False,False,False,False,False,True,False,False,False,True,False,False,False,False,True,False,False,False
125,0,1,1.3154321414704457,1.0,1.0,False,True,False,False,False,False,False,True,False,False,True,False,False,False,False,True,False,False,True,False,False,False,False,False
126,1,3,-0.3752723173411113,1.0,1.0,False,False,False,False,False,False,False,False,False,True,False,False,False,True,False,False,False,False,False,True,False,False,False,False
127,0,3,-0.11186699346031488,0.0,0.0,False,True,False,False,False,False,False,False,False,True,False,True,False,False,True,False,False,False,False,True,False,False,False,False
128,1,3,-0.17993569080448021,0.0,0.0,False,True,False,False,False,False,False,False,False,True,False,True,False,False,False,True,False,False,False,True,False,False,False,False
129,1,3,0.20051232093504426,2.0,1.0,True,False,False,False,False,False,True,False,False,False,False,True,False,False,False,False,False,False,False,False,False,True,False,False
130,0,3,-0.19947864010164287,0.0,0.0,False,True,False,False,False,False,False,False,False,True,True,False,False,False,False,True,False,False,False,True,False,False,False,False
131,0,3,-0.09625561709496656,0.0,0.0,False,True,False,False,False,False,False,False,False,True,False,True,False,False,False,False,False,False,False,True,False,False,False,False
132,0,3,-0.190636008432006,0.0,0.0,False,True,False,False,False,False,False,False,False,True,False,True,False,False,False,True,False,False,False,True,False,False,False,False
133,0,3,0.42828863622640856,1.0,0.0,False,False,True,False,False,False,True,False,False,False,True,False,False,False,False,True,False,False,False,True,False,False,False,False
134,1,2,0.9525835631200263,1.0,0.0,False,False,True,False,False,True,False,False,False,False,False,True,False,False,False,True,False,False,False,True,False,False,False,False
135,0,2,0.3321364670134198,0.0,0.0,False,True,False,False,False,False,False,False,True,False,False,True,False,False,False,True,False,False,False,True,False,False,False,False
136,0,2,0.46098131191925446,0.0,0.0,False,True,False,False,False,False,False,False,True,False,False,True,False,False,False,False,False,False,False,True,False,False,False,False
137,1,1,0.9624440739671808,2.0,0.0,True,False,False,False,False,False,False,False,False,False,False,True,False,False,False,True,False,False,True,False,False,False,False,False
138,0,1,0.9716336864076672,1.0,1.0,False,True,False,False,False,False,False,True,False,False,True,False,False,False,False,True,False,True,False,False,False,False,False,False
139,0,3,-0.5320583661517944,0.0,1.0,False,True,False,False,False,False,False,False,False,True,False,False,False,False,False,True,False,False,False,True,False,False,False,False
140,0,1,1.3379483846507947,0.0,1.0,False,True,False,False,False,False,False,True,False,False,False,True,False,False,False,False,True,False,False,False,False,False,False,False
141,0,3,-0.12568979645473227,2.0,1.0,False,False,True,False,False,False,True,False,False,False,False,True,False,False,False,False,False,False,False,True,False,False,False,False
142,1,3,-0.11186699346031488,0.0,0.0,True,False,False,False,False,False,True,False,False,False,False,True,False,False,False,True,False,False,False,True,False,False,False,False
143,1,3,-0.09315982930482611,1.0,1.0,False,False,True,False,False,False,True,False,False,False,False,True,False,False,False,True,False,False,False,True,False,False,False,False
144,0,3,-0.22651427940239865,0.0,0.0,False,True,False,False,False,False,False,False,False,True,False,True,False,False,True,False,False,False,False,True,False,False,False,False
145,0,2,0.22507702041297695,0.0,0.0,False,True,False,False,False,False,False,False,True,False,False,True,False,False,False,True,False,False,False,True,False,False,False,False
146,0,2,0.6390880913814807,2.0,1.0,False,True,False,False,False,False,False,False,True,False,False,True,False,False,False,True,False,False,False,True,False,False,False,False
147,1,3,-0.106935159703483,0.0,0.0,False,True,False,False,False,False,False,False,False,True,False,True,False,False,False,True,False,False,False,True,False,False,False,False
148,0,3,-0.02490142097749254,4.0,3.0,True,False,False,False,False,False,True,False,False,False,False,False,False,True,False,True,False,False,False,True,False,False,False,False
149,0,2,-0.017748583739259347,2.0,2.0,False,True,False,False,False,False,False,False,True,False,True,False,False,False,False,True,False,False,False,False,False,True,False,False
150,0,2,0.3321364670134198,0.0,0.0,False,False,False,False,True,False,False,False,True,False,True,False,False,False,False,True,False,False,False,True,False,False,False,False
151,0,2,0.29952843877449165,0.0,0.0,False,False,False,False,True,False,False,False,True,False,True,False,False,False,False,True,False,False,False,True,False,False,False,False
152,1,1,1.1786537256795226,1.0,1.0,False,False,True,False,False,False,False,False,False,False,False,True,False,False,False,True,False,True,False,False,False,False,False,False
153,0,3,-0.08002080082508924,0.0,0.0,False,True,False,False,False,False,False,False,False,True,True,False,False,False,False,True,False,False,False,True,False,False,False,False
154,0,3,0.42828863622640856,2.0,0.0,False,True,False,False,False,False,False,False,False,True,True,False,False,False,False,True,False,False,False,True,False,False,False,False
155,0,3,-0.160322789947927,0.0,0.0,False,True,False,False,False,False,False,False,False,True,False,True,False,False,False,True,False,False,False,True,False,False,False,False
156,0,1,1.7436546607384613,1.0,0.0,False,True,False,False,False,False,False,True,False,False,True,False,False,False,False,False,False,False,False,True,False,False,False,False
157,1,3,-0.1136717072326195,0.0,0.0,True,False,False,False,False,False,True,False,False,False,False,False,False,False,True,False,False,False,False,True,False,False,False,False
158,0,3,-0.08002080082508924,0.0,0.0,False,True,False,False,False,False,False,False,False,True,False,True,False,False,False,True,False,False,False,True,False,False,False,False
159,0,3,-0.018155861572313647,0.0,0.0,False,True,False,False,False,False,False,False,False,True,False,True,False,False,False,True,False,False,False,True,False,False,False,False
160,0,3,0.0987782154834359,10.0,6.0,False,False,False,False,False,False,False,False,False,True,False,True,False,False,False,True,False,False,False,True,False,False,False,False
161,0,3,0.5210926156266832,1.0,0.0,False,True,False,False,False,False,False,False,False,True,True,False,False,False,False,True,False,False,False,True,False,False,False,False
162,1,2,0.5015564203349365,0.0,0.0,False,False,True,False,False,True,False,False,False,False,True,False,False,False,False,True,False,False,False,True,False,False,False,False
163,0,3,-0.10917175363165299,0.0,0.0,False,True,False,False,False,False,False,False,False,True,False,True,False,False,False,True,False,False,False,True,False,False,False,False
164,0,3,-0.018155861572313647,0.0,0.0,False,True,False,False,False,False,False,False,False,True,False,False,False,False,False,True,False,False,False,True,False,False,False,False
165,0,3,-0.24316671323426484,5.0,5.0,False,False,False,False,False,False,False,False,False,True,False,False,False,True,False,True,False,False,False,True,False,False,False,False
166,1,3,-0.21540619833278993,2.0,2.0,False,False,False,False,False,False,False,False,False,True,False,False,False,True,False,True,False,False,False,True,False,False,False,False
167,1,1,1.003659835404831,1.0,1.0,False,False,True,False,False,False,False,False,False,False,False,True,False,False,False,True,False,False,False,False,True,False,False,False
168,0,3,-0.5250686847541721,5.0,5.0,False,False,True,False,False,False,True,False,False,False,True,False,False,False,False,True,False,False,False,True,False,False,False,False
169,0,1,0.9499557980900888,0.0,0.0,False,True,False,False,False,False,False,True,False,False,True,False,False,False,False,True,False,False,False,True,False,False,False,False
170,0,3,-0.0778491161706863,0.0,6.0,False,True,False,False,False,False,False,False,False,True,False,True,False,False,False,True,False,False,False,True,False,False,False,False
171,0,1,1.1841460720758246,0.0,0.0,False,True,False,False,False,False,False,True,False,False,False,False,True,False,False,True,True,False,False,False,False,False,False,False
172,0,3,-0.34658369873252803,5.0,4.0,False,False,False,False,False,False,False,False,False,True,False,False,False,True,True,False,False,False,False,True,False,False,False,False
173,1,3,-0.6967494390935358,2.0,2.0,True,False,False,False,False,False,True,False,False,False,False,False,False,True,False,True,False,False,False,True,False,False,False,False
174,0,3,-0.09315982930482611,0.0,0.0,False,True,False,False,False,False,False,False,False,True,False,True,False,False,False,True,False,False,False,True,False,False,False,False
175,0,1,1.1040606110789237,0.0,0.0,False,True,False,False,False,False,False,True,False,False,True,False,False,False,False,False,False,False,False,False,False,False,False,False
176,0,3,-0.10068365069373389,2.0,0.0,False,True,False,False,False,False,False,False,False,True,False,True,False,False,False,True,False,False,False,True,False,False,False,False
177,0,3,-0.2744345342940928,4.0,3.0,False,False,False,False,False,False,False,False,False,True,False,True,False,False,False,True,False,False,False,True,False,False,False,False
178,0,1,1.0430187807150657,0.0,0.0,True,False,False,False,False,False,False,False,False,False,True,False,False,False,False,False,False,True,False,False,False,False,False,False
179,0,2,0.3321364670134198,0.0,0.0,False,True,False,False,False,False,False,False,True,False,False,True,False,False,False,True,False,False,False,True,False,False,False,False
180,0,3,-2.160930636783589,0.0,3.0,False,True,False,False,False,False,False,False,False,True,True,False,False,False,False,True,False,False,False,True,False,False,False,False
181,0,3,0.0987782154834359,10.0,6.0,True,False,False,False,False,False,True,False,False,False,False,True,False,False,False,True,False,False,False,True,False,False,False,False
182,0,2,0.46122855049146777,0.0,0.0,False,True,False,False,False,False,False,False,True,False,False,True,False,False,False,False,False,False,False,True,False,False,False,False
183,0,3,-0.10146550017210422,6.0,3.0,False,False,False,False,False,False,False,False,False,True,False,False,False,True,False,True,False,False,False,True,False,False,False,False
184,1,2,0.6924071208444856,3.0,1.0,False,False,False,False,False,False,False,False,True,False,False,False,False,True,False,True,False,False,False,False,False,True,False,False
185,1,3,0.8021371905019736,2.0,0.0,True,False,False,False,False,False,True,False,False,False,False,False,False,True,False,True,False,False,False,True,False,False,False,False
186,0,1,1.5533900158260798,0.0,0.0,False,True,False,False,False,False,False,True,False,False,True,False,False,False,False,True,False,False,False,False,False,False,False,False
187,1,3,-0.11186699346031488,1.0,1.0,False,False,True,False,False,False,True,False,False,False,False,True,False,False,True,False,False,False,False,True,False,False,False,False
188,1,1,0.9716336864076672,0.0,0.0,False,True,False,False,False,False,False,True,False,False,True,False,False,False,False,True,False,False,False,True,False,False,False,False
189,0,3,-0.11186699346031488,2.0,1.0,False,True,False,False,False,False,False,False,False,True,True,False,False,False,True,False,False,False,False,True,False,False,False,False
190,0,3,-0.09625561709496656,0.0,0.0,False,True,False,False,False,False,False,False,False,True,True,False,False,False,False,True,False,False,False,True,False,False,False,False
191,1,2,0.3321364670134198,0.0,0.0,False,False,True,False,False,True,False,False,False,False,False,True,False,False,False,True,False,False,False,True,False,False,False,False
192,0,2,0.3321364670134198,0.0,0.0,False,True,False,False,False,False,False,False,True,False,False,True,False,False,False,True,False,False,False,True,False,False,False,False
193,1,3,-0.10068365069373389,1.0,0.0,True,False,False,False,False,False,True,False,False,False,False,True,False,False,False,True,False,False,False,True,False,False,False,False
194,1,2,-0.017748583739259347,2.0,2.0,False,False,False,False,False,False,False,False,True,False,False,False,False,True,False,True,False,False,False,False,False,True,False,False
195,1,1,1.0109504214233365,0.0,0.0,False,False,True,False,False,False,False,False,False,False,True,False,False,False,False,False,True,False,False,False,False,False,False,False
196,1,1,1.9083559518422382,0.0,1.0,True,False,False,False,False,False,False,False,False,False,True,False,False,False,False,False,True,False,False,False,False,False,False,False
197,0,3,-0.11186699346031488,0.0,0.0,False,True,False,False,False,False,False,False,False,True,False,True,False,False,True,False,False,False,False,True,False,False,False,False
198,0,3,-0.04375295079293478,1.0,0.0,False,True,False,False,False,False,False,False,False,True,True,False,False,False,False,True,False,False,False,True,False,False,False,False
199,1,3,-0.11186699346031488,0.0,0.0,True,False,False,False,False,False,True,False,False,False,False,True,False,False,True,False,False,False,False,True,False,False,False,False
200,0,2,0.3321364670134198,0.0,0.0,True,False,False,False,False,True,False,False,False,False,False,True,False,False,False,True,False,False,False,True,False,False,False,False
201,0,3,0.06036870239034407,0.0,0.0,False,True,False,False,False,False,False,False,False,True,False,True,False,False,False,True,False,False,False,True,False,False,False,False
202,0,3,0.0987782154834359,10.0,6.0,False,True,False,False,False,False,False,False,False,True,False,True,False,False,False,True,False,False,False,True,False,False,False,False
203,0,3,-0.2580193688611798,0.0,0.0,False,True,False,False,False,False,False,False,False,True,False,True,False,False,False,True,False,False,False,True,False,False,False,False
204,0,3,-0.1703195067167102,0.0,0.0,False,True,False,False,False,False,False,False,False,True,True,False,False,False,False,False,False,False,False,True,False,False,False,False
205,1,3,-0.08002080082508924,0.0,0.0,False,True,False,False,False,False,False,False,False,True,False,True,False,False,False,True,False,False,False,True,False,False,False,False
206,0,3,-0.4325641975586825,1.0,1.0,True,False,False,False,False,False,True,False,False,False,False,False,False,True,False,True,False,False,False,False,False,False,True,False
207,0,3,-0.09315982930482611,1.0,1.0,False,True,False,False,False,False,False,False,False,True,False,True,False,False,False,True,False,False,False,True,False,False,False,False
208,1,3,0.05076073705386173,0.0,1.0,False,True,False,False,False,False,False,False,False,True,False,True,False,False,False,False,False,False,False,True,False,False,False,False
209,1,3,-0.11186699346031488,0.0,0.0,True,False,False,False,False,False,True,False,False,False,False,False,False,False,True,False,False,False,False,True,False,False,False,False
210,1,1,1.1130839413604467,0.0,0.0,False,True,False,False,False,False,False,True,False,False,True,False,False,False,False,False,False,False,False,False,False,False,False,False
211,0,3,-0.190636008432006,0.0,0.0,False,True,False,False,False,False,False,False,False,True,False,True,False,False,False,True,False,False,False,True,False,False,False,False
212,1,2,0.7591181891474043,0.0,0.0,True,False,False,False,False,True,False,False,False,False,False,True,False,False,False,True,False,False,False,True,False,False,False,False
213,0,3,-0.16745249110447907,0.0,0.0,False,True,False,False,False,False,False,False,False,True,False,True,False,False,False,True,False,False,False,True,False,False,False,False
214,0,2,0.3321364670134198,0.0,0.0,False,True,False,False,False,False,False,False,True,False,False,True,False,False,False,True,False,False,False,True,False,False,False,False
215,0,3,-0.11186699346031488,1.0,0.0,False,True,False,False,False,False,False,False,False,True,False,True,False,False,True,False,False,False,False,True,False,False,False,False
216,1,1,1.2940941423554715,1.0,2.0,True,False,False,False,False,False,False,False,False,False,False,True,False,False,False,False,False,False,True,False,False,False,False,False
217,1,3,-0.09315982930482611,0.0,0.0,True,False,False,False,False,False,True,False,False,False,False,True,False,False,False,True,False,False,False,True,False,False,False,False
218,0,2,0.36528656726647213,1.0,1.0,False,True,False,False,False,False,False,False,True,False,True,False,False,False,False,True,False,False,False,True,False,False,False,False
219,1,1,1.9461514458236775,0.0,0.0,True,False,False,False,False,False,False,False,False,False,False,True,False,False,False,False,False,False,True,False,False,False,False,False
220,0,2,0.14630800544128583,0.0,0.0,False,True,False,False,False,False,False,False,True,False,False,True,False,False,False,True,False,False,False,True,False,False,False,False
221,1,3,-0.08002080082508924,0.0,0.0,False,True,False,False,False,False,False,False,False,True,False,False,False,False,False,True,False,False,False,True,False,False,False,False
222,0,2,0.3321364670134198,0.0,0.0,False,True,False,False,False,False,False,False,True,False,False,True,False,False,False,True,False,False,False,True,False,False,False,False
223,0,3,-0.08002080082508924,0.0,0.0,False,True,False,False,False,False,False,False,False,True,True,False,False,False,False,True,False,False,False,True,False,False,False,False
224,0,3,-0.09625561709496656,0.0,0.0,False,True,False,False,False,False,False,False,False,True,False,True,False,False,False,True,False,False,False,True,False,False,False,False
225,1,1,1.4559138366989002,1.0,1.0,False,True,False,False,False,False,False,True,False,False,True,False,False,False,False,True,False,True,False,False,False,False,False,False
226,0,3,0.046775936668869054,0.0,0.0,False,True,False,False,False,False,False,False,False,True,False,True,False,False,False,True,False,False,False,True,False,False,False,False
227,1,2,0.14630800544128583,0.0,0.0,False,True,False,False,False,False,False,False,True,False,False,True,False,False,False,True,False,False,False,True,False,False,False,False
228,0,3,-0.16745249110447907,0.0,0.0,False,True,False,False,False,False,False,False,False,True,False,True,False,False,False,True,False,False,False,True,False,False,False,False
229,0,2,0.3321364670134198,0.0,0.0,False,True,False,False,False,False,False,False,True,False,False,True,False,False,False,True,False,False,False,True,False,False,False,False
230,0,3,-0.2744345342940928,4.0,3.0,True,False,False,False,False,False,True,False,False,False,False,True,False,False,False,True,False,False,False,True,False,False,False,False
231,1,1,1.3864187235283076,1.0,1.0,False,False,True,False,False,False,False,False,False,False,False,True,False,False,False,True,False,True,False,False,False,False,False,False
232,0,3,-0.10917175363165299,0.0,0.0,False,True,False,False,False,False,False,False,False,True,False,True,False,False,False,True,False,False,False,True,False,False,False,False
233,0,2,0.36528656726647213,0.0,0.0,False,True,False,False,False,False,False,False,True,False,True,False,False,False,False,True,False,False,False,True,False,False,False,False
234,1,3,-0.10146550017210422,6.0,3.0,True,False,False,False,False,False,True,False,False,False,False,False,False,True,False,True,False,False,False,True,False,False,False,False
235,0,2,0.14630800544128583,0.0,0.0,False,True,False,False,False,False,False,False,True,False,False,True,False,False,False,True,False,False,False,True,False,False,False,False
236,0,3,-0.13371030000212406,0.0,0.0,True,False,False,False,False,False,True,False,False,False,False,True,False,False,False,True,False,False,False,True,False,False,False,False
237,0,2,0.9525835631200263,1.0,0.0,False,True,False,False,False,False,False,False,True,False,True,False,False,False,False,True,False,False,False,True,False,False,False,False
238,1,2,-0.009639684859236207,2.0,2.0,True,False,False,False,False,True,False,False,False,False,False,False,False,True,False,True,False,False,False,True,False,False,False,False
239,0,2,0.14630800544128583,0.0,0.0,False,True,False,False,False,False,False,False,True,False,False,True,False,False,False,True,False,False,False,True,False,False,False,False
240,0,2,0.2819032835120506,0.0,0.0,False,True,False,False,False,False,False,False,True,False,False,True,False,False,False,True,False,False,False,True,False,False,False,False
241,0,3,-0.1700783423740472,1.0,1.0,True,False,False,False,False,False,True,False,False,False,False,True,False,False,False,False,False,False,False,True,False,False,False,False
242,1,3,-0.11186699346031488,1.0,1.0,True,False,False,False,False,False,True,False,False,False,False,True,False,False,True,False,False,False,False,True,False,False,False,False
243,0,2,0.14630800544128583,0.0,0.0,False,True,False,False,False,False,False,False,True,False,False,True,False,False,False,True,False,False,False,True,False,False,False,False
244,0,3,-0.1818753807098956,0.0,0.0,False,True,False,False,False,False,False,False,False,True,False,True,False,False,False,True,False,False,False,True,False,False,False,False
245,0,3,-0.1703195067167102,0.0,0.0,False,True,False,False,False,False,False,False,False,True,False,True,False,False,False,False,False,False,False,True,False,False,False,False
246,0,1,1.4559138366989002,2.0,1.0,False,False,False,False,True,False,False,True,False,False,True,False,False,False,True,False,False,True,False,False,False,False,False,False
247,0,3,-0.10917175363165299,0.0,0.0,True,False,False,False,False,False,True,False,False,False,False,True,False,False,False,True,False,False,False,True,False,False,False,False
248,1,2,-0.16745249110447907,2.0,1.0,False,False,True,False,False,True,False,False,False,False,False,True,False,False,False,True,False,False,False,True,False,False,False,False
249,1,1,0.962229375331399,2.0,1.0,False,True,False,False,False,False,False,True,False,False,True,False,False,False,False,True,False,False,True,False,False,False,False,False
250,0,2,0.3321364670134198,1.0,1.0,False,False,False,False,True,False,False,False,True,False,True,False,False,False,False,True,False,False,False,True,False,False,False,False
251,0,3,-0.16745249110447907,0.0,0.0,False,True,False,False,False,False,False,False,False,True,False,True,False,False,False,True,False,False,False,True,False,False,False,False
252,0,3,-0.4325641975586825,2.0,1.0,False,False,True,False,False,False,True,False,False,False,False,True,False,False,False,True,False,False,False,False,False,False,True,False
253,0,1,0.9716336864076672,0.0,0.0,False,True,False,False,False,False,False,True,False,False,False,False,True,False,False,True,False,True,False,False,False,False,False,False
254,0,3,-0.08002080082508924,1.0,1.0,False,True,False,False,False,False,False,False,False,True,False,True,False,False,False,True,False,False,False,True,False,False,False,False
255,0,3,0.1133962456929048,2.0,1.0,False,False,True,False,False,False,True,False,False,False,True,False,False,False,False,True,False,False,False,True,False,False,False,False
256,1,3,0.47268333967629766,2.0,0.0,False,False,True,False,False,False,True,False,False,False,False,True,False,False,False,False,False,False,False,True,False,False,False,False
257,1,1,1.9810450672253033,0.0,0.0,False,False,True,False,False,False,False,False,False,False,False,True,False,False,False,False,False,False,False,True,False,False,False,False
258,1,1,1.0468527719345682,0.0,2.0,True,False,False,False,False,False,False,False,False,False,False,True,False,False,False,True,True,False,False,False,False,False,False,False
259,1,1,2.7005802926840414,0.0,2.0,True,False,False,False,False,False,False,False,False,False,False,True,False,False,False,False,False,False,False,True,False,False,False,False
260,1,2,0.3321364670134198,1.0,1.0,False,False,True,False,False,True,False,False,False,False,True,False,False,False,False,True,False,False,False,True,False,False,False,False
261,0,3,-0.11186699346031488,0.0,0.0,False,True,False,False,False,False,False,False,False,True,False,True,False,False,True,False,False,False,False,True,False,False,False,False
262,1,3,-0.10146550017210422,6.0,3.0,False,False,False,False,False,False,False,False,False,True,False,False,False,True,False,True,False,False,False,True,False,False,False,False
263,0,1,0.9716336864076672,2.0,2.0,False,True,False,False,False,False,False,True,False,False,True,False,False,False,False,True,False,False,False,False,True,False,False,False
264,0,1,-2.160930636783589,0.0,0.0,False,True,False,False,False,False,False,True,False,False,True,False,False,False,False,True,True,False,False,False,False,False,False,False
265,0,3,-0.11186699346031488,0.0,0.0,True,False,False,False,False,False,True,False,False,False,False,True,False,False,True,False,False,False,False,True,False,False,False,False
266,0,2,0.14630800544128583,0.0,0.0,False,True,False,False,False,False,False,False,True,False,True,False,False,False,False,True,False,False,False,True,False,False,False,False
267,0,3,-0.24316671323426484,5.0,5.0,False,True,False,False,False,False,False,False,False,True,False,False,False,False,False,True,False,False,False,True,False,False,False,False
268,1,3,-0.10917175363165299,1.0,0.0,False,True,False,False,False,False,False,False,False,True,False,True,False,False,False,True,False,False,False,True,False,False,False,False
269,1,1,1.574530504175411,1.0,2.0,False,False,True,False,False,False,False,False,False,False,True,False,False,False,False,True,False,True,False,False,False,False,False,False
270,1,1,1.4602391834395456,0.0,2.0,True,False,False,False,False,False,False,False,False,False,False,True,False,False,False,True,False,True,False,False,False,False,False,False
271,0,1,0.48735042452432814,0.0,1.0,False,True,False,False,False,False,False,True,False,False,True,False,False,False,False,True,False,False,False,True,False,False,False,False
272,1,3,-2.160930636783589,0.0,3.0,False,True,False,False,False,False,False,False,False,True,False,True,False,False,False,True,False,False,False,True,False,False,False,False
273,1,2,0.08259751431156431,1.0,1.0,False,False,True,False,False,True,False,False,False,False,True,False,False,False,False,True,False,False,False,True,False,False,False,False
274,0,1,1.0739049551250495,1.0,0.0,False,True,False,False,False,False,False,True,False,False,True,False,False,False,False,False,False,True,False,False,False,False,False,False
275,1,3,-0.11186699346031488,0.0,0.0,True,False,False,False,False,False,True,False,False,False,False,True,False,False,True,False,False,False,False,True,False,False,False,False
276,1,1,0.9520971021581797,1.0,2.0,True,False,False,False,False,False,False,False,False,False,False,False,True,False,False,True,False,False,True,False,False,False,False,False
277,0,3,-0.11186699346031488,0.0,0.0,True,False,False,False,False,False,True,False,False,False,True,False,False,False,False,True,False,False,False,True,False,False,False,False
278,0,2,-2.160930636783589,0.0,2.0,False,True,False,False,False,False,False,False,True,False,False,True,False,False,False,True,False,False,False,True,False,False,False,False
279,0,3,-0.34658369873252803,5.0,4.0,False,False,False,False,False,False,False,False,False,True,False,False,False,True,True,False,False,False,False,True,False,False,False,False
280,1,3,0.11498974776172559,2.0,1.0,False,False,True,False,False,False,True,False,False,False,False,True,False,False,False,True,False,False,False,True,False,False,False,False
281,0,3,-0.11186699346031488,0.0,0.0,False,True,False,False,False,False,False,False,False,True,False,False,True,False,True,False,False,False,False,True,False,False,False,False
282,0,3,-0.10068365069373389,0.0,0.0,False,True,False,False,False,False,False,False,False,True,False,True,False,False,False,True,False,False,False,True,False,False,False,False
283,0,3,0.06036870239034407,0.0,0.0,False,True,False,False,False,False,False,False,False,True,False,False,False,False,False,True,False,False,False,True,False,False,False,False
284,1,3,-0.08002080082508924,0.0,0.0,False,True,False,False,False,False,False,False,False,True,False,True,False,False,False,True,False,False,False,True,False,False,False,False
285,0,1,0.9525835631200263,0.0,0.0,False,True,False,False,False,False,False,True,False,False,True,False,False,False,False,True,False,False,False,False,False,False,False,False
286,0,3,-0.018155861572313647,0.0,0.0,False,True,False,False,False,False,False,False,False,True,False,True,False,False,False,False,False,False,False,True,False,False,False,False
287,1,3,0.06036870239034407,0.0,0.0,False,True,False,False,False,False,False,False,False,True,False,True,False,False,False,True,False,False,False,True,False,False,False,False
288,0,3,-0.09625561709496656,0.0,0.0,False,True,False,False,False,False,False,False,False,True,False,True,False,False,False,True,False,False,False,True,False,False,False,False
289,1,2,0.3321364670134198,0.0,0.0,False,True,False,False,False,False,False,False,True,False,True,False,False,False,False,True,False,False,False,True,False,False,False,False
290,1,3,-0.11186699346031488,0.0,0.0,True,False,False,False,False,False,True,False,False,False,False,True,False,False,True,False,False,False,False,True,False,False,False,False
291,1,1,1.333867683190431,0.0,1.0,True,False,False,False,False,False,False,False,False,False,False,True,False,False,False,True,False,False,False,True,False,False,False,False
292,1,1,1.4669308629531406,1.0,1.0,False,False,True,False,False,False,False,False,False,False,False,True,False,False,False,False,True,False,False,False,False,False,False,False
293,0,2,0.32366393561066664,0.0,0.0,False,True,False,False,False,False,False,False,True,False,True,False,False,False,False,False,False,False,True,False,False,False,False,False
294,0,3,0.0,0.0,0.0,True,False,False,False,False,False,True,False,False,False,False,True,False,False,False,True,False,False,False,True,False,False,False,False
295,0,3,-0.09625561709496656,0.0,0.0,False,True,False,False,False,False,False,False,False,True,False,True,False,False,False,True,False,False,False,True,False,False,False,False
296,0,1,1.0109504214233365,0.0,0.0,False,True,False,False,False,False,False,True,False,False,True,False,False,False,False,False,False,False,False,True,False,False,False,False
297,0,3,-0.16983723958168734,0.0,0.0,False,True,False,False,False,False,False,False,False,True,False,True,False,False,False,False,False,False,False,True,False,False,False,False
298,0,1,1.2972371673629717,3.0,3.0,True,False,False,False,False,False,False,False,False,False,False,False,False,True,False,True,False,True,False,False,False,False,False,False
299,1,1,1.0982067690248822,0.0,0.0,False,True,False,False,False,False,False,True,False,False,True,False,False,False,False,True,False,True,False,False,False,False,False,False
300,1,1,2.3984727204112315,1.0,1.0,False,False,True,False,False,False,False,False,False,False,True,False,False,False,False,False,True,False,False,False,False,False,False,False
301,1,3,-0.11186699346031488,0.0,0.0,True,False,False,False,False,False,True,False,False,False,False,True,False,False,True,False,False,False,False,True,False,False,False,False
302,1,3,0.23447690810906796,2.0,1.0,False,True,False,False,False,False,False,False,False,True,False,True,False,False,True,False,False,False,False,True,False,False,False,False
303,0,3,-2.160930636783589,0.0,3.0,False,True,False,False,False,False,False,False,False,True,False,True,False,False,False,True,False,False,False,True,False,False,False,False
304,1,2,0.28722544361238456,0.0,0.0,True,False,False,False,False,True,False,False,False,False,False,True,False,False,True,False,False,False,False,False,True,False,False,False
305,0,3,-0.08002080082508924,0.0,0.0,False,True,False,False,False,False,False,False,False,True,False,True,False,False,False,True,False,False,False,True,False,False,False,False
306,1,1,1.2972371673629717,3.0,3.0,False,False,False,False,False,False,False,True,False,False,False,False,False,True,False,True,False,True,False,False,False,False,False,False
307,1,1,1.0109512437198152,0.0,3.0,True,False,False,False,False,False,False,False,False,False,False,True,False,False,False,False,False,False,False,True,False,False,False,False
308,1,1,1.63241831938465,1.0,1.0,False,False,True,False,False,False,False,False,False,False,False,False,False,False,False,False,False,True,False,False,False,False,False,False
309,0,2,0.2621280797638395,1.0,1.0,False,True,False,False,False,False,False,False,True,False,False,True,False,False,False,False,False,False,False,True,False,False,False,False
310,1,1,1.0351039700954214,0.0,1.0,True,False,False,False,False,False,False,False,False,False,False,True,False,False,False,False,False,False,False,False,True,False,False,False
311,1,1,1.38291201304877,0.0,1.0,True,False,False,False,False,False,False,False,False,False,False,True,False,False,False,False,False,True,False,False,False,False,False,False
312,1,1,2.4531000955807305,4.0,1.0,True,False,False,False,False,False,False,False,False,False,False,True,False,False,False,False,True,False,False,False,False,False,False,False
313,0,2,0.9525835631200263,2.0,0.0,False,False,True,False,False,True,False,False,False,False,False,True,False,False,False,True,False,False,False,True,False,False,False,False
314,0,3,-0.09625561709496656,0.0,0.0,False,True,False,False,False,False,False,False,False,True,False,True,False,False,False,True,False,False,False,True,False,False,False,False
315,0,2,-0.009639684859236207,2.0,2.0,False,True,False,False,False,False,False,False,True,False,True,False,False,False,False,True,False,False,False,True,False,False,False,False
316,1,3,-0.10068365069373389,0.0,0.0,True,False,False,False,False,False,True,False,False,False,False,True,False,False,False,True,False,False,False,True,False,False,False,False
317,1,2,0.3321364670134198,1.0,1.0,False,False,True,False,False,True,False,False,False,False,False,True,False,False,False,True,False,False,False,True,False,False,False,False
318,0,2,0.3973127162636359,0.0,0.0,False,False,False,False,True,False,False,False,True,False,True,False,False,False,False,True,False,False,False,True,False,False,False,False
319,1,1,2.0183831976348023,2.0,1.0,True,False,False,False,False,False,False,False,False,False,False,True,False,False,False,True,False,True,False,False,False,False,False,False
320,1,1,1.8286245033089652,2.0,1.0,False,False,True,False,False,False,False,False,False,False,True,False,False,False,False,False,False,False,False,False,True,False,False,False
321,0,3,-0.16745249110447907,0.0,0.0,False,True,False,False,False,False,False,False,False,True,False,True,False,False,False,True,False,False,False,True,False,False,False,False
322,0,3,-0.09625561709496656,0.0,0.0,False,True,False,False,False,False,False,False,False,True,False,True,False,False,False,True,False,False,False,True,False,False,False,False
323,1,2,0.28722544361238456,0.0,0.0,True,False,False,False,False,True,False,False,False,False,False,True,False,False,True,False,False,False,False,True,False,False,False,False
324,1,2,0.42828863622640856,2.0,1.0,False,False,True,False,False,True,False,False,False,False,False,True,False,False,False,True,False,False,False,True,False,False,False,False
325,0,3,0.0987782154834359,10.0,6.0,False,True,False,False,False,False,False,False,False,True,False,True,False,False,False,True,False,False,False,True,False,False,False,False
326,1,1,1.4602391834395456,0.0,2.0,True,False,False,False,False,False,False,False,False,False,True,False,False,False,False,False,False,True,False,False,False,False,False,False
327,0,3,-0.2911465142873717,0.0,0.0,False,True,False,False,False,False,False,False,False,True,False,False,True,False,False,True,False,False,False,True,False,False,False,False
328,1,2,0.3321364670134198,0.0,0.0,False,False,True,False,False,True,False,False,False,False,True,False,False,False,False,True,False,False,True,False,False,False,False,False
329,1,3,-0.21540619833278993,2.0,2.0,False,False,True,False,False,False,True,False,False,False,False,True,False,False,False,True,False,False,False,True,False,False,False,False
330,1,1,1.051788085729193,1.0,1.0,True,False,False,False,False,False,False,False,False,False,False,False,False,False,False,False,True,False,False,False,False,False,False,False
331,1,3,0.23447690810906796,2.0,1.0,True,False,False,False,False,False,True,False,False,False,False,True,False,False,True,False,False,False,False,True,False,False,False,False
332,0,1,1.0362382679132747,0.0,0.0,False,True,False,False,False,False,False,True,False,False,True,False,False,False,False,True,False,True,False,False,False,False,False,False
333,0,1,1.574530504175411,1.0,2.0,False,True,False,False,False,False,False,True,False,False,True,False,False,False,False,True,False,True,False,False,False,False,False,False
334,0,3,0.014277565257904861,2.0,1.0,False,True,False,False,False,False,False,False,False,True,False,False,False,False,False,True,False,False,False,True,False,False,False,False
335,1,1,1.8227234826052017,1.0,1.0,False,False,True,False,False,False,False,False,False,False,False,True,False,False,False,True,False,False,False,True,False,False,False,False
336,0,3,-0.09625561709496656,0.0,0.0,False,True,False,False,False,False,False,False,False,True,False,True,False,False,False,True,False,False,False,True,False,False,False,False
337,0,1,1.1786537256795226,1.0,1.0,False,True,False,False,False,False,False,True,False,False,False,True,False,False,False,True,False,True,False,False,False,False,False,False
338,1,1,1.8286245033089652,0.0,1.0,True,False,False,False,False,False,False,False,False,False,True,False,False,False,False,False,False,False,False,False,True,False,False,False
339,1,3,-0.08002080082508924,0.0,0.0,False,True,False,False,False,False,False,False,False,True,True,False,False,False,False,True,False,False,False,True,False,False,False,False
340,0,1,1.2373816159730344,0.0,0.0,False,True,False,False,False,False,False,True,False,False,True,False,False,False,False,True,False,False,False,False,False,False,False,True
341,1,2,-0.017748583739259347,2.0,2.0,False,False,False,False,False,False,False,False,True,False,False,False,False,True,False,True,False,False,False,False,False,True,False,False
342,1,1,1.8076307300250711,5.0,3.0,True,False,False,False,False,False,False,False,False,False,False,True,False,False,False,True,False,True,False,False,False,False,False,False
343,0,2,0.3321364670134198,0.0,0.0,False,True,False,False,False,False,False,False,True,False,False,True,False,False,False,True,False,False,False,True,False,False,False,False
344,0,2,0.3321364670134198,0.0,0.0,False,True,False,False,False,False,False,False,True,False,False,True,False,False,False,True,False,False,False,True,False,False,False,False
345,0,2,0.3321364670134198,0.0,0.0,False,True,False,False,False,False,False,False,True,False,True,False,False,False,False,True,False,False,False,True,False,False,False,False
346,1,2,0.3321364670134198,0.0,0.0,True,False,False,False,False,True,False,False,False,False,False,True,False,False,False,True,False,False,False,False,False,True,False,False
347,1,2,0.3321364670134198,0.0,0.0,True,False,False,False,False,True,False,False,False,False,True,False,False,False,False,True,False,False,False,True,False,False,False,False
348,1,3,0.5210926156266832,1.0,0.0,False,False,True,False,False,False,True,False,False,False,False,True,False,False,False,True,False,False,False,True,False,False,False,False
349,1,3,-0.09051736347238692,2.0,1.0,False,False,False,False,False,False,False,False,False,True,False,False,False,True,False,True,False,False,False,True,False,False,False,False
350,0,3,-0.018155861572313647,0.0,0.0,False,True,False,False,False,False,False,False,False,True,True,False,False,False,False,True,False,False,False,True,False,False,False,False
351,0,3,0.03529729095781514,0.0,0.0,False,True,False,False,False,False,False,False,False,True,False,True,False,False,False,True,False,False,False,True,False,False,False,False
352,0,1,1.2243513277431022,0.0,0.0,False,True,False,False,False,False,False,True,False,False,True,False,False,False,False,True,False,True,False,False,False,False,False,False
353,0,3,-0.16983723958168734,2.0,0.0,False,True,False,False,False,False,False,False,False,True,False,False,False,False,False,False,False,False,False,True,False,False,False,False
354,0,3,0.004783204746180294,1.0,1.0,False,True,False,False,False,False,False,False,False,True,False,True,False,False,False,True,False,False,False,True,False,False,False,False
355,0,3,-0.1703195067167102,0.0,0.0,False,True,False,False,False,False,False,False,False,True,False,True,False,False,False,False,False,False,False,True,False,False,False,False
356,0,3,0.06036870239034407,0.0,0.0,False,True,False,False,False,False,False,False,False,True,False,True,False,False,False,True,False,False,False,True,False,False,False,False
357,1,1,1.003659835404831,1.0,1.0,True,False,False,False,False,False,False,False,False,False,False,True,False,False,False,True,False,False,False,False,True,False,False,False
358,0,2,0.3321364670134198,0.0,0.0,True,False,False,False,False,True,False,False,False,False,True,False,False,False,False,True,False,False,False,True,False,False,False,False
359,1,3,-0.0980200849224405,0.0,0.0,True,False,False,False,False,False,True,False,False,False,False,True,False,False,True,False,False,False,False,True,False,False,False,False
360,1,3,-0.0980200849224405,0.0,0.0,True,False,False,False,False,False,True,False,False,False,False,True,False,False,True,False,False,False,False,True,False,False,False,False
361,0,3,-0.5250686847541721,5.0,5.0,False,True,False,False,False,False,False,False,False,True,True,False,False,False,False,True,False,False,False,True,False,False,False,False
362,0,2,1.0109504214233365,1.0,0.0,False,True,False,False,False,False,False,False,True,False,False,True,False,False,False,False,False,False,False,True,False,False,False,False
363,0,3,-0.1700783423740472,1.0,1.0,False,False,True,False,False,False,True,False,False,False,True,False,False,False,False,False,False,False,False,True,False,False,False,False
364,0,3,-0.190636008432006,0.0,0.0,False,True,False,False,False,False,False,False,False,True,False,True,False,False,False,True,False,False,False,True,False,False,False,False
365,0,3,-0.11186699346031488,1.0,1.0,False,True,False,False,False,False,False,False,False,True,False,True,False,False,True,False,False,False,False,True,False,False,False,False
366,0,3,-0.16745249110447907,0.0,0.0,False,True,False,False,False,False,False,False,False,True,False,True,False,False,False,True,False,False,False,True,False,False,False,False
367,1,1,1.9333329188362902,1.0,0.0,False,False,True,False,False,False,False,False,False,False,True,False,False,False,False,False,False,False,True,False,False,False,False,False
368,1,3,-0.16983723958168734,0.0,0.0,False,False,True,False,False,False,True,False,False,False,False,True,False,False,False,False,False,False,False,True,False,False,False,False
369,1,3,-0.11186699346031488,0.0,0.0,True,False,False,False,False,False,True,False,False,False,False,True,False,False,True,False,False,False,False,True,False,False,False,False
370,1,1,1.2151219920385972,0.0,1.0,False,False,True,False,False,False,False,False,False,False,False,True,False,False,False,False,True,False,False,False,False,False,False,False
371,1,1,1.6491642370767807,1.0,0.0,False,True,False,False,False,False,False,True,False,False,False,True,False,False,False,False,False,False,False,False,True,False,False,False
372,0,3,-0.2580193688611798,1.0,0.0,False,True,False,False,False,False,False,False,False,True,False,True,False,False,False,True,False,False,False,True,False,False,False,False
373,0,3,-0.08002080082508924,0.0,0.0,False,True,False,False,False,False,False,False,False,True,False,True,False,False,False,True,False,False,False,True,False,False,False,False
374,0,1,1.4602391834395456,0.0,2.0,False,True,False,False,False,False,False,True,False,False,False,True,False,False,False,False,False,False,False,True,False,False,False,False
375,0,3,-0.4268960950395102,4.0,3.0,True,False,False,False,False,False,True,False,False,False,False,False,False,True,False,True,False,False,False,True,False,False,False,False
376,1,1,1.3718934346280025,1.0,1.0,False,False,True,False,False,False,False,False,False,False,False,True,False,False,False,False,False,False,False,True,False,False,False,False
377,1,3,-0.16745249110447907,0.0,0.0,True,False,False,False,False,False,True,False,False,False,False,True,False,False,False,True,False,False,False,True,False,False,False,False
378,0,1,2.9015596063881075,2.0,0.0,False,True,False,False,False,False,False,True,False,False,False,True,False,False,False,False,False,True,False,False,False,False,False,False
379,0,3,-0.6381665952899253,0.0,0.0,False,True,False,False,False,False,False,False,False,True,False,True,False,False,False,False,False,False,False,True,False,False,False,False
380,0,3,-0.10917175363165299,0.0,0.0,False,True,False,False,False,False,False,False,False,True,False,True,False,False,False,True,False,False,False,True,False,False,False,False
381,1,1,1.6729562630679093,0.0,3.0,True,False,False,False,False,False,False,False,False,False,True,False,False,False,False,False,False,False,False,True,False,False,False,False
382,1,3,-0.0989088808702451,2.0,1.0,True,False,False,False,False,False,True,False,False,False,False,False,False,True,False,False,False,False,False,True,False,False,False,False
383,0,3,-0.09315982930482611,0.0,0.0,False,True,False,False,False,False,False,False,False,True,False,True,False,False,False,True,False,False,False,True,False,False,False,False
384,1,1,0.9525835631200263,1.0,1.0,False,False,True,False,False,False,False,False,False,False,False,True,False,False,False,True,False,False,False,True,False,False,False,False
385,0,3,-0.09625561709496656,0.0,0.0,False,True,False,False,False,False,False,False,False,True,False,True,False,False,False,True,False,False,False,True,False,False,False,False
386,0,2,0.44040009595554735,0.0,4.0,False,True,False,False,False,False,False,False,True,False,False,True,False,False,False,True,False,False,False,True,False,False,False,False
387,0,3,-0.10469670538106424,7.0,5.0,False,False,False,False,False,False,False,False,False,True,False,False,False,True,False,True,False,False,False,True,False,False,False,False
388,1,2,0.3321364670134198,0.0,0.0,True,False,False,False,False,True,False,False,False,False,True,False,False,False,False,True,False,False,False,True,False,False,False,False
389,0,3,-0.11411530830229825,0.0,0.0,False,True,False,False,False,False,False,False,False,True,False,True,False,False,True,False,False,False,False,True,False,False,False,False
390,1,2,0.2621280797638395,0.0,0.0,True,False,False,False,False,True,False,False,False,False,False,False,False,False,False,False,False,False,False,True,False,False,False,False
391,1,1,1.0830915518552158,3.0,3.0,False,True,False,False,False,False,False,True,False,False,True,False,False,False,False,True,True,False,False,False,False,False,False,False
392,1,3,-0.106935159703483,0.0,0.0,False,True,False,False,False,False,False,False,False,True,False,True,False,False,False,True,False,False,False,True,False,False,False,False
393,0,3,-0.09315982930482611,2.0,0.0,False,True,False,False,False,False,False,False,False,True,False,True,False,False,False,True,False,False,False,True,False,False,False,False
394,1,1,1.2940941423554715,1.0,2.0,True,False,False,False,False,False,False,False,False,False,False,True,False,False,False,False,False,False,True,False,False,False,False,False
395,1,3,-0.04921325817657352,2.0,1.0,False,False,True,False,False,False,True,False,False,False,False,True,False,False,False,True,False,False,False,False,False,False,True,False
396,0,3,-0.106935159703483,0.0,0.0,False,True,False,False,False,False,False,False,False,True,False,True,False,False,False,True,False,False,False,True,False,False,False,False
397,0,3,-0.10068365069373389,0.0,0.0,True,False,False,False,False,False,True,False,False,False,False,True,False,False,False,True,False,False,False,True,False,False,False,False
398,0,2,0.3321364670134198,0.0,1.0,False,True,False,False,False,False,False,False,True,False,True,False,False,False,False,True,False,False,False,True,False,False,False,False
399,0,2,0.14630800544128583,0.0,0.0,False,False,False,False,True,False,False,False,True,False,False,True,False,False,False,True,False,False,False,True,False,False,False,False
400,1,2,0.3082192168962792,0.0,0.0,False,False,True,False,False,True,False,False,False,False,False,True,False,False,False,True,False,False,False,True,False,False,False,False
401,1,3,-0.09315982930482611,0.0,0.0,False,True,False,False,False,False,False,False,False,True,True,False,False,False,False,True,False,False,False,True,False,False,False,False
402,0,3,-0.08002080082508924,0.0,0.0,False,True,False,False,False,False,False,False,False,True,False,True,False,False,False,True,False,False,False,True,False,False,False,False
403,0,3,0.08916542664826681,1.0,0.0,True,False,False,False,False,False,True,False,False,False,False,True,False,False,False,True,False,False,False,True,False,False,False,False
404,0,3,-0.09315982930482611,1.0,1.0,False,True,False,False,False,False,False,False,False,True,False,True,False,False,False,True,False,False,False,True,False,False,False,False
405,0,3,-0.018155861572313647,0.0,0.0,True,False,False,False,False,False,True,False,False,False,False,True,False,False,False,True,False,False,False,True,False,False,False,False
406,0,2,0.7591181891474043,1.0,0.0,False,True,False,False,False,False,False,False,True,False,False,True,False,False,False,True,False,False,False,True,False,False,False,False
407,0,3,-0.11186699346031488,0.0,0.0,False,True,False,False,False,False,False,False,False,True,True,False,False,False,False,True,False,False,False,True,False,False,False,False
408,1,2,-0.2895163483623351,2.0,2.0,False,False,False,False,False,False,False,False,True,False,False,False,False,True,False,True,False,False,False,True,False,False,False,False
409,0,3,-0.10917175363165299,0.0,0.0,False,True,False,False,False,False,False,False,False,True,False,True,False,False,False,True,False,False,False,True,False,False,False,False
410,0,3,-0.2744345342940928,4.0,3.0,True,False,False,False,False,False,True,False,False,False,False,True,False,False,False,True,False,False,False,True,False,False,False,False
411,0,3,-0.09625561709496656,0.0,0.0,False,True,False,False,False,False,False,False,False,True,False,True,False,False,False,True,False,False,False,True,False,False,False,False
412,0,3,-0.21340451274526212,0.0,0.0,False,True,False,False,False,False,False,False,False,True,False,True,False,False,True,False,False,False,False,True,False,False,False,False
413,1,1,1.4559138366989002,1.0,1.0,True,False,False,False,False,False,False,False,False,False,False,True,False,False,True,False,False,True,False,False,False,False,False,False
414,0,2,-2.160930636783589,0.0,2.0,False,True,False,False,False,False,False,False,True,False,False,True,False,False,False,True,False,False,False,True,False,False,False,False
415,1,3,-0.09315982930482611,0.0,0.0,False,True,False,False,False,False,False,False,False,True,True,False,False,False,False,True,False,False,False,True,False,False,False,False
416,0,3,-0.08002080082508924,0.0,0.0,False,False,True,False,False,False,True,False,False,False,False,True,False,False,False,True,False,False,False,True,False,False,False,False
417,1,2,1.1563593359637436,2.0,0.0,False,False,True,False,False,True,False,False,False,False,False,True,False,False,False,True,False,False,False,True,False,False,False,False
418,1,2,0.3321364670134198,2.0,0.0,True,False,False,False,False,True,False,False,False,False,False,True,False,False,False,True,False,False,False,True,False,False,False,False
419,0,2,0.3321364670134198,0.0,0.0,False,True,False,False,False,False,False,False,True,False,False,True,False,False,False,True,False,False,False,True,False,False,False,False
420,0,3,-0.08002080082508924,2.0,2.0,True,False,False,False,False,False,True,False,False,False,False,False,False,True,False,True,False,False,False,True,False,False,False,False
421,0,3,-0.09625561709496656,0.0,0.0,False,True,False,False,False,False,False,False,False,True,False,True,False,False,False,False,False,False,False,True,False,False,False,False
422,0,3,-0.1136717072326195,0.0,0.0,False,True,False,False,False,False,False,False,False,True,False,True,False,False,True,False,False,False,False,True,False,False,False,False
423,0,3,-0.09846703943848606,0.0,0.0,False,True,False,False,False,False,False,False,False,True,False,True,False,False,False,True,False,False,False,True,False,False,False,False
424,0,3,-0.1731952499393937,2.0,1.0,False,False,True,False,False,False,True,False,False,False,False,True,False,False,False,True,False,False,False,True,False,False,False,False
425,0,3,0.1133962456929048,2.0,1.0,False,True,False,False,False,False,False,False,False,True,False,True,False,False,False,True,False,False,False,True,False,False,False,False
426,0,3,-0.16745249110447907,0.0,0.0,False,True,False,False,False,False,False,False,False,True,False,True,False,False,False,True,False,False,False,True,False,False,False,False
427,1,2,0.9525835631200263,1.0,0.0,False,False,True,False,False,True,False,False,False,False,False,True,False,False,False,True,False,False,False,True,False,False,False,False
428,1,2,0.3321364670134198,0.0,1.0,True,False,False,False,False,True,False,False,False,False,False,True,False,False,False,True,False,False,False,True,False,False,False,False
429,0,3,-0.11186699346031488,0.0,0.0,False,True,False,False,False,False,False,False,False,True,False,True,False,False,True,False,False,False,False,True,False,False,False,False
430,1,3,-0.08002080082508924,0.0,0.0,False,True,False,False,False,False,False,False,False,True,False,True,False,False,False,True,False,False,False,False,True,False,False,False
431,1,1,0.9716336864076672,0.0,0.0,False,True,False,False,False,False,False,True,False,False,False,True,False,False,False,True,False,True,False,False,False,False,False,False
432,1,3,-0.08002080082508924,1.0,1.0,False,False,True,False,False,False,True,False,False,False,False,True,False,False,False,True,False,False,False,True,False,False,False,False
433,1,2,0.9525835631200263,1.0,0.0,False,False,True,False,False,True,False,False,False,False,True,False,False,False,False,True,False,False,False,True,False,False,False,False
434,0,3,-0.1818753807098956,0.0,0.0,False,True,False,False,False,False,False,False,False,True,False,False,False,False,False,True,False,False,False,True,False,False,False,False
435,0,1,1.0184593169702427,1.0,1.0,False,True,False,False,False,False,False,True,False,False,True,False,False,False,False,True,False,False,False,False,True,False,False,False
436,1,1,1.0830915518552158,3.0,3.0,True,False,False,False,False,False,False,False,False,False,False,False,False,False,False,True,True,False,False,False,False,False,False,False
437,0,3,-0.02490142097749254,4.0,3.0,True,False,False,False,False,False,True,False,False,False,False,True,False,False,False,True,False,False,False,True,False,False,False,False
438,1,2,-0.2895163483623351,5.0,2.0,False,False,True,False,False,True,False,False,False,False,False,True,False,False,False,True,False,False,False,True,False,False,False,False
439,0,1,1.8076307300250711,5.0,3.0,False,True,False,False,False,False,False,True,False,False,False,False,True,False,False,True,False,True,False,False,False,False,False,False
440,0,2,0.14630800544128583,0.0,0.0,False,True,False,False,False,False,False,False,True,False,False,True,False,False,False,True,False,False,False,True,False,False,False,False
441,1,2,-0.009639684859236207,2.0,2.0,False,False,True,False,False,True,False,False,False,False,True,False,False,False,False,True,False,False,False,True,False,False,False,False
442,0,3,0.06036870239034407,0.0,0.0,False,True,False,False,False,False,False,False,False,True,False,True,False,False,False,True,False,False,False,True,False,False,False,False
443,0,3,-0.10917175363165299,1.0,0.0,False,True,False,False,False,False,False,False,False,True,False,True,False,False,False,True,False,False,False,True,False,False,False,False
444,1,2,0.3321364670134198,0.0,0.0,True,False,False,False,False,True,False,False,False,False,False,True,False,False,False,True,False,False,False,True,False,False,False,False
445,1,3,-0.0735191859042734,0.0,0.0,False,True,False,False,False,False,False,False,False,True,False,True,False,False,False,True,False,False,False,True,False,False,False,False
446,1,1,2.0118496052629196,2.0,0.0,False,False,False,False,False,False,False,True,False,False,False,False,False,True,False,True,False,False,False,False,False,False,False,False
447,1,2,0.08259751431156431,1.0,1.0,True,False,False,False,False,True,False,False,False,False,False,False,False,False,False,True,False,False,False,True,False,False,False,False
448,1,1,0.9716336864076672,0.0,0.0,False,True,False,False,False,False,False,True,False,False,False,True,False,False,False,True,False,False,False,True,False,False,False,False
449,1,3,-0.4979448632765724,3.0,3.0,True,False,False,False,False,False,True,False,False,False,False,False,False,True,False,False,False,False,False,True,False,False,False,False
450,1,1,1.0982067690248822,0.0,0.0,False,False,False,False,True,False,False,True,False,False,True,False,False,False,False,True,False,True,False,False,False,False,False,False
451,0,2,0.0376042052156784,3.0,2.0,False,True,False,False,False,False,False,False,True,False,True,False,False,False,False,True,False,False,False,True,False,False,False,False
452,0,3,0.7136724350379091,1.0,0.0,False,True,False,False,False,False,False,False,False,True,False,True,False,False,False,True,False,False,False,True,False,False,False,False
453,0,1,1.011910376225165,0.0,0.0,False,True,False,False,False,False,False,True,False,False,False,True,False,False,False,False,False,True,False,False,False,False,False,False
454,1,1,1.446670445023964,1.0,1.0,False,True,False,False,False,False,False,True,False,False,True,False,False,False,False,False,False,True,False,False,False,False,False,False
455,0,3,-0.08002080082508924,0.0,0.0,False,True,False,False,False,False,False,False,False,True,False,True,False,False,False,True,False,False,False,True,False,False,False,False
456,1,3,-0.09625561709496656,0.0,0.0,False,True,False,False,False,False,False,False,False,True,False,True,False,False,False,False,False,False,False,True,False,False,False,False
457,0,1,0.9716336864076672,0.0,0.0,False,True,False,False,False,False,False,True,False,False,False,False,True,False,False,True,False,False,False,False,True,False,False,False
458,1,1,1.587274369571993,1.0,0.0,False,False,True,False,False,False,False,False,False,False,False,True,False,False,False,True,False,False,True,False,False,False,False,False
459,1,2,0.14630800544128583,0.0,0.0,True,False,False,False,False,True,False,False,False,False,True,False,False,False,False,True,False,False,False,True,False,False,False,False
460,0,3,-0.11186699346031488,0.0,0.0,False,True,False,False,False,False,False,False,False,True,False,True,False,False,True,False,False,False,False,True,False,False,False,False
461,1,1,0.9716336864076672,0.0,0.0,False,True,False,False,False,False,False,True,False,False,True,False,False,False,False,True,False,False,False,False,True,False,False,False
462,0,3,-0.08002080082508924,0.0,0.0,False,True,False,False,False,False,False,False,False,True,False,True,False,False,False,True,False,False,False,True,False,False,False,False
463,0,1,1.3120004609787141,0.0,0.0,False,True,False,False,False,False,False,True,False,False,True,False,False,False,False,True,False,False,False,False,True,False,False,False
464,0,2,0.3321364670134198,0.0,0.0,False,True,False,False,False,False,False,False,True,False,True,False,False,False,False,True,False,False,False,True,False,False,False,False
465,0,3,-0.08002080082508924,0.0,0.0,False,True,False,False,False,False,False,False,False,True,False,True,False,False,False,True,False,False,False,True,False,False,False,False
466,0,3,-0.190636008432006,0.0,0.0,False,True,False,False,False,False,False,False,False,True,True,False,False,False,False,True,False,False,False,True,False,False,False,False
467,0,2,-2.160930636783589,0.0,2.0,False,True,False,False,False,False,False,False,True,False,False,True,False,False,False,True,False,False,False,True,False,False,False,False
468,0,1,0.9716336864076672,0.0,0.0,False,True,False,False,False,False,False,True,False,False,True,False,False,False,False,True,False,False,False,True,False,False,False,False
469,0,3,-0.11456994500142594,0.0,0.0,False,True,False,False,False,False,False,False,False,True,False,True,False,False,True,False,False,False,False,True,False,False,False,False
470,1,3,-0.4979448632765724,3.0,3.0,True,False,False,False,False,False,True,False,False,False,False,False,False,True,False,False,False,False,False,True,False,False,False,False
471,0,3,-0.16745249110447907,0.0,0.0,False,True,False,False,False,False,False,False,False,True,False,True,False,False,False,True,False,False,False,True,False,False,False,False
472,0,3,-0.018155861572313647,0.0,0.0,False,True,False,False,False,False,False,False,False,True,True,False,False,False,False,True,False,False,False,True,False,False,False,False
473,1,2,0.0376042052156784,3.0,2.0,False,False,True,False,False,True,False,False,False,False,False,True,False,False,False,True,False,False,False,True,False,False,False,False
474,1,2,0.3841023091956725,0.0,0.0,False,False,True,False,False,True,False,False,False,False,False,True,False,False,False,False,False,False,True,False,False,False,False,False
475,0,3,0.09025565287329512,0.0,0.0,True,False,False,False,False,False,True,False,False,False,False,True,False,False,False,True,False,False,False,True,False,False,False,False
476,0,1,0.9525835631200263,0.0,1.0,False,True,False,False,False,False,False,True,False,False,True,False,False,False,False,True,False,False,False,False,False,False,False,False
477,0,2,0.14630800544128583,1.0,1.0,False,True,False,False,False,False,False,False,True,False,False,True,False,False,False,True,False,False,False,True,False,False,False,False
478,0,3,-0.19112901405464372,1.0,0.0,False,True,False,False,False,False,False,False,False,True,False,True,False,False,False,True,False,False,False,True,False,False,False,False
479,0,3,-0.13694210047335034,0.0,0.0,False,True,False,False,False,False,False,False,False,True,False,True,False,False,False,True,False,False,False,True,False,False,False,False
480,1,3,0.2827923950309883,1.0,0.0,True,False,False,False,False,False,True,False,False,False,False,False,False,True,False,True,False,False,False,True,False,False,False,False
481,0,3,-0.10469670538106424,7.0,5.0,False,False,False,False,False,False,False,False,False,True,False,False,False,True,False,True,False,False,False,True,False,False,False,False
482,0,2,-2.160930636783589,0.0,0.0,False,True,False,False,False,False,False,False,True,False,False,True,False,False,False,True,False,False,False,True,False,False,False,False
483,0,3,-0.08002080082508924,0.0,0.0,False,True,False,False,False,False,False,False,False,True,True,False,False,False,False,True,False,False,False,True,False,False,False,False
484,1,3,0.06820842306106956,0.0,0.0,False,False,True,False,False,False,True,False,False,False,False,False,True,False,False,True,False,False,False,True,False,False,False,False
485,1,1,1.4669308629531406,1.0,1.0,False,True,False,False,False,False,False,True,False,False,False,True,False,False,False,False,True,False,False,False,False,False,False,False
486,0,3,-0.2744345342940928,4.0,3.0,True,False,False,False,False,False,True,False,False,False,False,True,False,False,False,True,False,False,False,True,False,False,False,False
487,1,1,1.4559138366989002,1.0,1.0,False,False,True,False,False,False,False,False,False,False,False,True,False,False,False,True,False,True,False,False,False,False,False,False
488,0,1,1.0739049551250495,0.0,0.0,False,True,False,False,False,False,False,True,False,False,True,False,False,False,False,False,True,False,False,False,False,False,False,False
489,0,3,-0.08002080082508924,0.0,0.0,False,True,False,False,False,False,False,False,False,True,False,True,False,False,False,True,False,False,False,True,False,False,False,False
490,1,3,-0.09051736347238692,2.0,1.0,False,False,False,False,False,False,False,False,False,True,False,False,False,True,False,True,False,False,False,True,False,False,False,False
491,0,3,0.7136724350379091,1.0,0.0,False,True,False,False,False,False,False,False,False,True,False,True,False,False,False,True,False,False,False,True,False,False,False,False
492,0,3,-0.16745249110447907,0.0,0.0,False,True,False,False,False,False,False,False,False,True,False,True,False,False,False,True,False,False,False,True,False,False,False,False
493,0,1,1.0982067690248822,0.0,0.0,False,True,False,False,False,False,False,True,False,False,True,False,False,False,False,True,False,True,False,False,False,False,False,False
494,0,1,1.5441613036216868,0.0,0.0,False,True,False,False,False,False,False,True,False,False,False,False,True,False,False,False,False,False,False,True,False,False,False,False
495,0,3,-0.08002080082508924,0.0,0.0,False,True,False,False,False,False,False,False,False,True,False,True,False,False,False,True,False,False,False,True,False,False,False,False
496,0,3,-0.1698429794093077,0.0,1.0,False,True,False,False,False,False,False,False,False,True,False,True,False,False,False,False,False,False,False,True,False,False,False,False
497,1,1,1.327027488628233,1.0,1.0,True,False,False,False,False,False,False,False,False,False,True,False,False,False,False,False,False,False,True,False,False,False,False,False
498,0,3,0.4641669071968012,0.0,0.0,False,True,False,False,False,False,False,False,False,True,False,True,False,False,False,True,False,False,False,True,False,False,False,False
499,0,1,1.2972371673629717,3.0,3.0,False,False,True,False,False,False,False,False,False,False,False,True,False,False,False,True,False,True,False,False,False,False,False,False
500,0,3,-0.106935159703483,0.0,0.0,False,True,False,False,False,False,False,False,False,True,False,True,False,False,False,True,False,False,False,True,False,False,False,False
501,0,3,-0.018155861572313647,0.0,0.0,False,True,False,False,False,False,False,False,False,True,False,False,False,False,False,True,False,False,False,True,False,False,False,False
502,0,3,-0.11186699346031488,0.0,0.0,True,False,False,False,False,False,True,False,False,False,False,True,False,False,True,False,False,False,False,True,False,False,False,False
503,0,3,-0.12499985261541847,0.0,0.0,True,False,False,False,False,False,True,False,False,False,False,True,False,False,True,False,False,False,False,True,False,False,False,False
504,0,3,0.06820842306106956,0.0,0.0,True,False,False,False,False,False,True,False,False,False,True,False,False,False,False,True,False,False,False,True,False,False,False,False
505,1,1,1.0468527719345682,0.0,2.0,True,False,False,False,False,False,False,False,False,False,False,False,False,False,False,True,True,False,False,False,False,False,False,False
506,0,1,1.63241831938465,1.0,1.0,False,True,False,False,False,False,False,True,False,False,False,True,False,False,False,False,False,True,False,False,False,False,False,False
507,1,2,0.3321364670134198,2.0,1.0,False,False,True,False,False,True,False,False,False,False,False,True,False,False,False,True,False,False,False,True,False,False,False,False
508,1,1,0.9716336864076672,0.0,0.0,False,True,False,False,False,False,False,True,False,False,True,False,False,False,False,True,False,False,False,True,False,False,False,False
509,0,3,0.8224318683017487,0.0,0.0,False,True,False,False,False,False,False,False,False,True,False,True,False,False,False,True,False,False,False,True,False,False,False,False
510,1,3,-0.0778491161706863,0.0,6.0,False,True,False,False,False,False,False,False,False,True,False,True,False,False,False,True,False,False,False,True,False,False,False,False
511,1,3,-0.11186699346031488,0.0,0.0,False,True,False,False,False,False,False,False,False,True,False,True,False,False,True,False,False,False,False,True,False,False,False,False
512,0,3,-0.08002080082508924,0.0,0.0,False,True,False,False,False,False,False,False,False,True,False,True,False,False,False,True,False,False,False,True,False,False,False,False
513,1,1,0.9625894872603052,0.0,0.0,False,True,False,False,False,False,False,True,False,False,True,False,False,False,False,True,False,False,False,False,True,False,False,False
514,1,1,1.713195520243969,1.0,0.0,False,False,True,False,False,False,False,False,False,False,True,False,False,False,False,False,False,False,False,True,False,False,False,False
515,0,3,-0.1397178653112396,0.0,0.0,False,True,False,False,False,False,False,False,False,True,False,True,False,False,False,True,False,False,False,True,False,False,False,False
516,0,1,1.198300081419081,0.0,0.0,False,True,False,False,False,False,False,True,False,False,True,False,False,False,False,True,False,False,True,False,False,False,False,False
517,1,2,0.14630800544128583,0.0,0.0,False,False,True,False,False,True,False,False,False,False,False,True,False,False,False,True,False,False,False,False,False,True,False,False
518,0,3,-0.08002080082508924,0.0,2.0,False,True,False,False,False,False,False,False,False,True,False,True,False,False,True,False,False,False,False,True,False,False,False,False
519,1,2,0.9525835631200263,1.0,0.0,False,False,True,False,False,True,False,False,False,False,True,False,False,False,False,True,False,False,False,True,False,False,False,False
520,0,3,-0.09625561709496656,0.0,0.0,False,True,False,False,False,False,False,False,False,True,False,True,False,False,False,True,False,False,False,True,False,False,False,False
521,1,1,1.49118602152638,0.0,1.0,True,False,False,False,False,False,False,False,False,False,False,True,False,False,False,True,True,False,False,False,False,False,False,False
522,0,3,-0.09625561709496656,0.0,0.0,False,True,False,False,False,False,False,False,False,True,False,True,False,False,False,True,False,False,False,True,False,False,False,False
523,0,3,-0.1703195067167102,0.0,0.0,False,True,False,False,False,False,False,False,False,True,False,True,False,False,False,False,False,False,False,True,False,False,False,False
524,1,1,1.051788085729193,1.0,1.0,False,False,True,False,False,False,False,False,False,False,True,False,False,False,False,False,True,False,False,False,False,False,False,False
525,0,3,-0.16983723958168734,0.0,0.0,False,True,False,False,False,False,False,False,False,True,False,True,False,False,False,False,False,False,False,True,False,False,False,False
526,0,3,-0.11186699346031488,0.0,0.0,False,True,False,False,False,False,False,False,False,True,True,False,False,False,True,False,False,False,False,True,False,False,False,False
527,1,2,0.14630800544128583,0.0,0.0,True,False,False,False,False,True,False,False,False,False,True,False,False,False,False,True,False,False,False,True,False,False,False,False
528,0,1,2.9461855376430295,0.0,0.0,False,True,False,False,False,False,False,True,False,False,True,False,False,False,False,True,False,True,False,False,False,False,False,False
529,0,3,-0.09315982930482611,0.0,0.0,False,True,False,False,False,False,False,False,False,True,True,False,False,False,False,True,False,False,False,True,False,False,False,False
530,0,2,0.22507702041297695,3.0,0.0,False,True,False,False,False,False,False,False,True,False,False,True,False,False,False,True,False,False,False,True,False,False,False,False
531,1,2,0.3321364670134198,2.0,1.0,True,False,False,False,False,True,False,False,False,False,False,False,False,True,False,True,False,False,False,True,False,False,False,False
532,0,3,-0.16983723958168734,0.0,0.0,False,True,False,False,False,False,False,False,False,True,False,True,False,False,False,False,False,False,False,True,False,False,False,False
533,0,3,-0.16983723958168734,2.0,0.0,False,True,False,False,False,False,False,False,False,True,False,False,False,False,False,False,False,False,False,True,False,False,False,False
534,1,3,0.20051232093504426,2.0,1.0,False,False,True,False,False,False,True,False,False,False,False,True,False,False,False,False,False,False,False,True,False,False,False,False
535,0,3,-0.018155861572313647,0.0,0.0,True,False,False,False,False,False,True,False,False,False,False,True,False,False,False,True,False,False,False,True,False,False,False,False
536,1,2,-0.009639684859236207,2.0,2.0,True,False,False,False,False,True,False,False,False,False,False,False,False,True,False,True,False,False,False,True,False,False,False,False
537,0,1,0.9716336864076672,0.0,0.0,False,False,False,False,True,False,False,True,False,False,True,False,False,False,False,True,True,False,False,False,False,False,False,False
538,1,1,1.6110966777250433,0.0,1.0,True,False,False,False,False,False,False,False,False,False,False,True,False,False,False,False,False,False,False,True,False,False,False,False
539,0,3,0.42828863622640856,0.0,0.0,False,True,False,False,False,False,False,False,False,True,False,True,False,False,False,True,False,False,False,True,False,False,False,False
540,1,1,1.5440827393666823,2.0,0.0,True,False,False,False,False,False,False,False,False,False,False,True,False,False,False,False,True,False,False,False,False,False,False,False
541,1,1,1.2373816159730344,2.0,1.0,True,False,False,False,False,False,False,False,False,False,True,False,False,False,False,True,True,False,False,False,False,False,False,False
542,0,3,-0.5560247001453711,6.0,6.0,True,False,False,False,False,False,True,False,False,False,False,False,False,True,False,True,False,False,False,True,False,False,False,False
543,0,3,-0.5560247001453711,6.0,6.0,True,False,False,False,False,False,True,False,False,False,False,False,False,True,False,True,False,False,False,True,False,False,False,False
544,1,2,0.3321364670134198,1.0,1.0,False,True,False,False,False,False,False,False,True,False,False,True,False,False,False,True,False,False,False,True,False,False,False,False
545,0,1,1.6110966777250433,1.0,1.0,False,True,False,False,False,False,False,True,False,False,True,False,False,False,False,False,False,True,False,False,False,False,False,False
546,0,1,0.9525835631200263,0.0,0.0,False,True,False,False,False,False,False,True,False,False,False,False,True,False,False,True,False,False,False,True,False,False,False,False
547,1,2,0.3321364670134198,1.0,1.0,False,False,True,False,False,True,False,False,False,False,False,True,False,False,False,True,False,False,False,True,False,False,False,False
548,1,2,0.3886132072242461,0.0,0.0,False,True,False,False,False,False,False,False,True,False,False,True,False,False,False,False,False,False,False,True,False,False,False,False
549,0,3,-0.21540619833278993,2.0,2.0,False,True,False,False,False,False,False,False,False,True,False,True,False,False,False,True,False,False,False,True,False,False,False,False
550,1,2,0.6390880913814807,2.0,1.0,False,False,False,False,False,False,False,False,True,False,False,False,False,True,False,True,False,False,False,True,False,False,False,False
551,1,1,1.0109512437198152,2.0,3.0,False,True,False,False,False,False,False,True,False,False,False,False,False,False,False,False,False,True,False,False,False,False,False,False
552,0,2,0.9525835631200263,0.0,0.0,False,True,False,False,False,False,False,False,True,False,False,True,False,False,False,True,False,False,False,True,False,False,False,False
553,0,3,-0.10335474773535826,0.0,0.0,False,True,False,False,False,False,False,False,False,True,False,True,False,False,True,False,False,False,False,True,False,False,False,False
554,1,3,-0.1703195067167102,0.0,0.0,False,True,False,False,False,False,False,False,False,True,False,True,False,False,False,False,False,False,False,True,False,False,False,False
555,1,3,-0.10917175363165299,0.0,0.0,True,False,False,False,False,False,True,False,False,False,False,True,False,False,False,True,False,False,False,True,False,False,False,False
556,0,1,0.9716336864076672,0.0,0.0,False,True,False,False,False,False,False,True,False,False,False,False,True,False,False,True,False,False,False,True,False,False,False,False
557,1,1,1.3379483846507947,1.0,0.0,False,False,False,True,False,False,False,False,False,False,True,False,False,False,False,False,False,False,False,False,False,False,False,False
558,0,1,1.6729562630679093,0.0,3.0,False,True,False,False,False,False,False,True,False,False,True,False,False,False,False,False,False,False,False,True,False,False,False,False
559,1,1,0.9716336864076672,2.0,2.0,False,False,True,False,False,False,False,False,False,False,True,False,False,False,False,True,False,False,False,False,True,False,False,False
560,1,3,0.5903114659150209,1.0,0.0,False,False,True,False,False,False,True,False,False,False,True,False,False,False,False,True,False,False,False,True,False,False,False,False
561,0,3,-0.11186699346031488,0.0,0.0,False,True,False,False,False,False,False,False,False,True,False,True,False,False,True,False,False,False,False,True,False,False,False,False
562,0,3,-0.09625561709496656,0.0,0.0,False,True,False,False,False,False,False,False,False,True,True,False,False,False,False,True,False,False,False,True,False,False,False,False
563,0,2,0.36528656726647213,0.0,0.0,False,True,False,False,False,False,False,False,True,False,False,True,False,False,False,True,False,False,False,True,False,False,False,False
564,0,3,-0.08002080082508924,0.0,0.0,False,True,False,False,False,False,False,False,False,True,False,True,False,False,False,True,False,False,False,True,False,False,False,False
565,0,3,-0.08002080082508924,0.0,0.0,True,False,False,False,False,False,True,False,False,False,False,True,False,False,False,True,False,False,False,True,False,False,False,False
566,0,3,0.2675625008050505,2.0,1.0,False,True,False,False,False,False,False,False,False,True,False,True,False,False,False,True,False,False,False,True,False,False,False,False
567,0,3,-0.09625561709496656,0.0,0.0,False,True,False,False,False,False,False,False,False,True,False,True,False,False,False,True,False,False,False,True,False,False,False,False
568,0,3,-0.4268960950395102,4.0,3.0,False,False,True,False,False,False,True,False,False,False,False,True,False,False,False,True,False,False,False,True,False,False,False,False
569,0,3,-0.16983723958168734,0.0,0.0,False,True,False,False,False,False,False,False,False,True,False,True,False,False,False,False,False,False,False,True,False,False,False,False
570,1,3,-0.10068365069373389,0.0,0.0,False,True,False,False,False,False,False,False,False,True,False,True,False,False,False,True,False,False,False,True,False,False,False,False
571,1,2,0.14630800544128583,0.0,0.0,False,True,False,False,False,False,False,False,True,False,False,False,True,False,False,True,False,False,False,True,False,False,False,False
572,1,1,1.5803996410584262,2.0,0.0,False,False,True,False,False,False,False,False,False,False,True,False,False,False,False,True,False,True,False,False,False,False,False,False
573,1,1,0.9660451140459381,0.0,0.0,False,True,False,False,False,False,False,True,False,False,True,False,False,False,False,True,False,False,False,False,True,False,False,False
574,1,3,-0.11186699346031488,0.0,0.0,True,False,False,False,False,False,True,False,False,False,False,True,False,False,True,False,False,False,False,True,False,False,False,False
575,0,3,-0.08002080082508924,0.0,0.0,False,True,False,False,False,False,False,False,False,True,False,False,False,False,False,True,False,False,False,True,False,False,False,False
576,0,3,-0.16745249110447907,0.0,1.0,False,True,False,False,False,False,False,False,False,True,False,True,False,False,False,True,False,False,False,True,False,False,False,False
577,1,2,0.3321364670134198,0.0,0.0,True,False,False,False,False,True,False,False,False,False,False,True,False,False,False,True,False,False,False,True,False,False,False,False
578,1,1,1.0184593169702427,1.0,1.0,False,False,True,False,False,False,False,False,False,False,True,False,False,False,False,True,False,False,False,False,True,False,False,False
579,0,3,0.4257437149515178,1.0,0.0,False,False,True,False,False,False,True,False,False,False,False,True,False,False,False,False,False,False,False,True,False,False,False,False
580,1,3,-0.09315982930482611,0.0,0.0,False,True,False,False,False,False,False,False,False,True,False,True,False,False,False,True,False,False,False,True,False,False,False,False
581,1,2,1.0830915518552158,2.0,0.0,True,False,False,False,False,True,False,False,False,False,False,True,False,False,False,True,False,False,False,True,False,False,False,False
582,1,1,1.0109512437198152,2.0,3.0,False,False,True,False,False,False,False,False,False,False,True,False,False,False,False,False,False,True,False,False,False,False,False,False
583,0,2,0.3321364670134198,0.0,1.0,False,True,False,False,False,False,False,False,True,False,True,False,False,False,False,True,False,False,False,True,False,False,False,False
584,0,1,1.3500857796959762,0.0,0.0,False,True,False,False,False,False,False,True,False,False,True,False,False,False,False,False,False,False,False,False,False,False,False,False
585,0,3,-0.013280078262625216,0.0,0.0,False,True,False,False,False,False,False,False,False,True,False,True,False,False,False,False,False,False,False,True,False,False,False,False
586,1,1,0.9716336864076672,2.0,2.0,True,False,False,False,False,False,False,False,False,False,False,True,False,False,False,True,False,False,False,False,True,False,False,False
587,0,2,0.45828102573163954,0.0,0.0,False,True,False,False,False,False,False,False,True,False,True,False,False,False,False,True,False,False,False,True,False,False,False,False
588,1,1,1.9810450672253033,2.0,0.0,False,True,False,False,False,False,False,True,False,False,True,False,False,False,False,False,True,False,False,False,False,False,False,False
589,0,3,-0.08002080082508924,0.0,0.0,False,True,False,False,False,False,False,False,False,True,False,True,False,False,False,True,False,False,False,True,False,False,False,False
590,0,3,-0.08002080082508924,0.0,0.0,False,True,False,False,False,False,False,False,False,True,False,True,False,False,False,True,False,False,False,True,False,False,False,False
591,0,3,-0.1818753807098956,0.0,0.0,False,True,False,False,False,False,False,False,False,True,False,True,False,False,False,True,False,False,False,True,False,False,False,False
592,1,1,1.327027488628233,1.0,1.0,False,False,True,False,False,False,False,False,False,False,True,False,False,False,False,False,False,False,True,False,False,False,False,False
593,0,3,-0.16745249110447907,0.0,0.0,False,True,False,False,False,False,False,False,False,True,True,False,False,False,False,True,False,False,False,True,False,False,False,False
594,0,3,-0.11186699346031488,2.0,0.0,True,False,False,False,False,False,True,False,False,False,False,True,False,False,True,False,False,False,False,True,False,False,False,False
595,0,2,0.9525835631200263,1.0,0.0,False,True,False,False,False,False,False,False,True,False,True,False,False,False,False,True,False,False,False,True,False,False,False,False
596,0,3,-0.08002080082508924,2.0,2.0,False,True,False,False,False,False,False,False,False,True,True,False,False,False,False,True,False,False,False,True,False,False,False,False
597,1,2,0.1865132611085638,0.0,2.0,True,False,False,False,False,True,False,False,False,False,False,True,False,False,False,True,False,False,False,True,False,False,False,False
598,0,3,-2.160930636783589,0.0,3.0,False,True,False,False,False,False,False,False,False,True,True,False,False,False,False,True,False,False,False,True,False,False,False,False
599,0,3,-0.1703195067167102,0.0,0.0,False,True,False,False,False,False,False,False,False,True,False,True,False,False,False,False,False,False,False,True,False,False,False,False
600,1,1,1.0351039700954214,1.0,1.0,False,False,False,True,False,False,False,True,False,False,True,False,False,False,False,False,False,False,False,False,False,False,False,False
601,1,2,0.36528656726647213,3.0,1.0,False,False,True,False,False,True,False,False,False,False,False,True,False,False,False,True,False,False,False,True,False,False,False,False
602,0,3,-0.09625561709496656,0.0,0.0,False,True,False,False,False,False,False,False,False,True,False,True,False,False,False,True,False,False,False,True,False,False,False,False
603,0,1,1.4009504536107311,0.0,0.0,False,True,False,False,False,False,False,True,False,False,True,False,False,False,False,True,False,False,False,True,False,False,False,False
604,0,3,-0.08002080082508924,0.0,0.0,False,True,False,False,False,False,False,False,False,True,True,False,False,False,False,True,False,False,False,True,False,False,False,False
605,1,1,0.9716336864076672,0.0,0.0,False,True,False,False,False,False,False,True,False,False,False,True,False,False,False,False,False,False,False,True,False,False,False,False
606,0,3,0.4902087653408155,1.0,0.0,False,True,False,False,False,False,False,False,False,True,True,False,False,False,False,True,False,False,False,True,False,False,False,False
607,0,3,-0.09625561709496656,0.0,0.0,False,True,False,False,False,False,False,False,False,True,False,True,False,False,False,True,False,False,False,True,False,False,False,False
608,1,1,1.0982067690248822,0.0,0.0,False,True,False,False,False,False,False,True,False,False,False,True,False,False,False,True,False,False,False,True,False,False,False,False
609,1,2,0.3884373377202384,3.0,2.0,False,False,True,False,False,True,False,False,False,False,False,True,False,False,False,False,False,False,False,True,False,False,False,False
610,1,1,1.574530504175411,0.0,2.0,True,False,False,False,False,False,False,False,False,False,True,False,False,False,False,True,False,True,False,False,False,False,False,False
611,0,3,-0.5560247001453711,6.0,6.0,False,False,True,False,False,False,True,False,False,False,True,False,False,False,False,True,False,False,False,True,False,False,False,False
612,0,3,-0.190636008432006,0.0,0.0,False,True,False,False,False,False,False,False,False,True,False,True,False,False,False,True,False,False,False,True,False,False,False,False
613,1,3,-0.11186699346031488,1.0,1.0,True,False,False,False,False,False,True,False,False,False,False,True,False,False,True,False,False,False,False,True,False,False,False,False
614,0,3,-0.11186699346031488,0.0,0.0,False,True,False,False,False,False,False,False,False,True,False,True,False,False,True,False,False,False,False,True,False,False,False,False
615,0,3,-0.08002080082508924,0.0,0.0,False,True,False,False,False,False,False,False,False,True,False,True,False,False,False,True,False,False,False,True,False,False,False,False
616,1,2,1.1563593359637436,3.0,1.0,True,False,False,False,False,True,False,False,False,False,False,True,False,False,False,True,False,False,False,True,False,False,False,False
617,0,3,-0.1731952499393937,2.0,1.0,False,True,False,False,False,False,False,False,False,True,False,True,False,False,False,True,False,False,False,True,False,False,False,False
618,0,3,-0.08002080082508924,1.0,1.0,False,False,True,False,False,False,True,False,False,False,False,True,False,False,False,True,False,False,False,True,False,False,False,False
619,1,2,0.6924071208444856,3.0,1.0,True,False,False,False,False,True,False,False,False,False,False,False,False,True,False,True,False,False,False,False,False,True,False,False
620,0,2,0.14630800544128583,0.0,0.0,False,True,False,False,False,False,False,False,True,False,False,True,False,False,False,True,False,False,False,True,False,False,False,False
621,0,3,-0.1700783423740472,1.0,1.0,False,True,False,False,False,False,False,False,False,True,False,True,False,False,False,False,False,False,False,True,False,False,False,False
622,1,1,1.599555242674187,1.0,0.0,False,True,False,False,False,False,False,True,False,False,True,False,False,False,False,True,False,False,True,False,False,False,False,False
623,1,3,-0.0989088808702451,2.0,1.0,False,True,False,False,False,False,False,False,False,True,False,True,False,False,False,False,False,False,False,True,False,False,False,False
624,0,3,-0.10068365069373389,0.0,0.0,False,True,False,False,False,False,False,False,False,True,False,True,False,False,False,True,False,False,False,True,False,False,False,False
625,0,3,-0.08002080082508924,0.0,1.0,False,True,False,False,False,False,False,False,False,True,False,True,False,False,False,True,False,False,False,True,False,False,False,False
626,0,1,1.1512924338449158,0.0,0.0,False,True,False,False,False,False,False,True,False,False,False,False,True,False,False,True,False,False,True,False,False,False,False,False
627,0,2,0.28722544361238456,0.0,0.0,False,False,False,False,True,False,False,False,True,False,True,False,False,False,True,False,False,False,False,True,False,False,False,False
628,1,1,0.9520971021581797,0.0,2.0,True,False,False,False,False,False,False,False,False,False,False,True,False,False,False,True,False,False,True,False,False,False,False,False
629,0,3,-0.09625561709496656,0.0,0.0,False,True,False,False,False,False,False,False,False,True,False,True,False,False,False,True,False,False,False,True,False,False,False,False
630,0,3,-0.1136717072326195,0.0,0.0,False,True,False,False,False,False,False,False,False,True,False,True,False,False,True,False,False,False,False,True,False,False,False,False
631,1,1,1.0830915518552158,0.0,0.0,False,True,False,False,False,False,False,True,False,False,False,False,True,False,False,True,False,False,False,False,False,False,False,False
632,0,3,-0.1901432599626212,0.0,0.0,False,True,False,False,False,False,False,False,False,True,True,False,False,False,False,True,False,False,False,True,False,False,False,False
633,1,1,1.0982067690248822,0.0,0.0,False,False,False,False,True,False,False,True,False,False,False,True,False,False,False,False,True,False,False,False,False,False,False,False
634,0,1,-2.160930636783589,0.0,0.0,False,True,False,False,False,False,False,True,False,False,True,False,False,False,False,True,False,False,False,True,False,False,False,False
635,0,3,-0.5250686847541721,5.0,5.0,True,False,False,False,False,False,True,False,False,False,False,False,False,True,False,True,False,False,False,True,False,False,False,False
636,1,2,0.3321364670134198,0.0,0.0,True,False,False,False,False,True,False,False,False,False,False,True,False,False,False,True,False,False,False,True,False,False,False,False
637,0,3,-0.09315982930482611,0.0,0.0,False,True,False,False,False,False,False,False,False,True,False,True,False,False,False,True,False,False,False,True,False,False,False,False
638,0,2,-0.009639684859236207,2.0,2.0,False,True,False,False,False,False,False,False,True,False,False,True,False,False,False,True,False,False,False,True,False,False,False,False
639,0,3,-0.24316671323426484,5.0,5.0,False,False,True,False,False,False,True,False,False,False,True,False,False,False,False,True,False,False,False,True,False,False,False,False
640,0,3,-0.08002080082508924,1.0,1.0,False,True,False,False,False,False,False,False,False,True,False,True,False,False,False,True,False,False,False,True,False,False,False,False
641,0,3,-0.10068365069373389,0.0,0.0,False,True,False,False,False,False,False,False,False,True,False,True,False,False,False,True,False,False,False,True,False,False,False,False
642,1,1,1.2151219920385972,0.0,1.0,True,False,False,False,False,False,False,False,False,False,False,True,False,False,False,False,True,False,False,False,False,False,False,False
643,0,3,-0.5250686847541721,5.0,5.0,True,False,False,False,False,False,True,False,False,False,False,False,False,True,False,True,False,False,False,True,False,False,False,False
644,1,3,-0.0778491161706863,0.0,6.0,False,True,False,False,False,False,False,False,False,True,False,True,False,False,False,True,False,False,False,True,False,False,False,False
645,1,3,-0.4979448632765724,3.0,3.0,True,False,False,False,False,False,True,False,False,False,False,False,False,True,False,False,False,False,False,True,False,False,False,False
646,1,1,0.9376450761706607,1.0,2.0,False,True,False,False,False,False,False,True,False,False,True,False,False,False,False,False,False,False,True,False,False,False,False,False
647,0,3,-0.09625561709496656,0.0,0.0,False,True,False,False,False,False,False,False,False,True,False,True,False,False,False,True,False,False,False,True,False,False,False,False
648,1,1,1.2373816159730344,0.0,0.0,False,False,False,False,True,False,False,True,False,False,True,False,False,False,False,False,False,False,False,False,False,False,False,False
649,0,3,-0.13371030000212406,0.0,0.0,False,True,False,False,False,False,False,False,False,True,False,True,False,False,False,True,False,False,False,True,False,False,False,False
650,1,3,-0.13371030000212406,0.0,0.0,True,False,False,False,False,False,True,False,False,False,False,True,False,False,False,True,False,False,False,True,False,False,False,False
651,0,3,-0.09625561709496656,0.0,0.0,False,True,False,False,False,False,False,False,False,True,False,True,False,False,False,True,False,False,False,True,False,False,False,False
652,1,2,0.22507702041297695,1.0,1.0,True,False,False,False,False,True,False,False,False,False,False,True,False,False,False,True,False,False,False,True,False,False,False,False
653,0,3,-0.04083427935412551,0.0,0.0,False,True,False,False,False,False,False,False,False,True,False,True,False,False,False,True,False,False,False,True,False,False,False,False
654,1,3,-0.10335474773535826,0.0,0.0,True,False,False,False,False,False,True,False,False,False,False,True,False,False,True,False,False,False,False,True,False,False,False,False
655,0,3,-0.22651427940239865,0.0,0.0,True,False,False,False,False,False,True,False,False,False,False,True,False,False,True,False,False,False,False,True,False,False,False,False
656,0,2,0.44040009595554735,2.0,4.0,False,True,False,False,False,False,False,False,True,False,False,True,False,False,False,True,False,False,False,True,False,False,False,False
657,0,3,-0.09625561709496656,0.0,0.0,False,True,False,False,False,False,False,False,False,True,False,True,False,False,False,True,False,False,False,True,False,False,False,False
658,0,3,-0.11186699346031488,2.0,1.0,False,False,True,False,False,False,True,False,False,False,False,True,False,False,True,False,False,False,False,True,False,False,False,False
659,0,2,0.3321364670134198,0.0,0.0,False,True,False,False,False,False,False,False,True,False,False,True,False,False,False,True,False,False,False,True,False,False,False,False
660,0,1,1.2940941423554715,2.0,2.0,False,True,False,False,False,False,False,True,False,False,True,False,False,False,False,False,False,False,True,False,False,False,False,False
661,1,1,1.8227234826052017,2.0,1.0,False,False,False,False,True,False,False,True,False,False,True,False,False,False,False,True,False,False,False,True,False,False,False,False
662,0,3,-0.1703195067167102,0.0,0.0,False,True,False,False,False,False,False,False,False,True,True,False,False,False,False,False,False,False,False,True,False,False,False,False
663,0,1,0.9380395528119451,0.0,0.0,False,True,False,False,False,False,False,True,False,False,True,False,False,False,False,True,False,False,False,False,True,False,False,False
664,0,3,-0.1397178653112396,0.0,0.0,False,True,False,False,False,False,False,False,False,True,True,False,False,False,False,True,False,False,False,True,False,False,False,False
665,1,3,-0.09315982930482611,1.0,0.0,False,True,False,False,False,False,False,False,False,True,False,True,False,False,False,True,False,False,False,True,False,False,False,False
666,0,2,0.44040009595554735,2.0,4.0,False,True,False,False,False,False,False,False,True,False,False,True,False,False,False,True,False,False,False,True,False,False,False,False
667,0,2,0.3321364670134198,0.0,0.0,False,True,False,False,False,False,False,False,True,False,False,True,False,False,False,True,False,False,False,True,False,False,False,False
668,0,3,-0.10917175363165299,0.0,0.0,False,True,False,False,False,False,False,False,False,True,False,True,False,False,False,True,False,False,False,True,False,False,False,False
669,0,3,-0.08002080082508924,0.0,0.0,False,True,False,False,False,False,False,False,False,True,True,False,False,False,False,True,False,False,False,True,False,False,False,False
670,1,1,0.9525835631200263,1.0,1.0,False,False,True,False,False,False,False,False,False,False,False,True,False,False,False,True,False,True,False,False,False,False,False,False
671,1,2,0.6924071208444856,2.0,1.0,False,False,True,False,False,True,False,False,False,False,True,False,False,False,False,True,False,False,False,True,False,False,False,False
672,0,1,1.5897283773542763,1.0,0.0,False,True,False,False,False,False,False,True,False,False,False,True,False,False,False,True,True,False,False,False,False,False,False,False
673,0,2,0.14630800544128583,0.0,0.0,False,True,False,False,False,False,False,False,True,False,False,False,True,False,False,True,False,False,False,True,False,False,False,False
674,1,2,0.3321364670134198,0.0,0.0,False,True,False,False,False,False,False,False,True,False,False,True,False,False,False,True,False,False,False,True,False,False,False,False
675,0,2,-2.160930636783589,0.0,0.0,False,True,False,False,False,False,False,False,True,False,False,True,False,False,False,True,False,False,False,True,False,False,False,False
676,0,3,-0.10917175363165299,0.0,0.0,False,True,False,False,False,False,False,False,False,True,False,True,False,False,False,True,False,False,False,True,False,False,False,False
677,0,3,-0.08002080082508924,0.0,0.0,False,True,False,False,False,False,False,False,False,True,False,True,False,False,False,True,False,False,False,True,False,False,False,False
678,1,3,0.09062168666697913,0.0,0.0,True,False,False,False,False,False,True,False,False,False,False,True,False,False,False,True,False,False,False,True,False,False,False,False
679,0,3,-0.10469670538106424,7.0,5.0,False,False,True,False,False,False,True,False,False,False,True,False,False,False,False,True,False,False,False,True,False,False,False,False
680,1,1,2.7005802926840414,1.0,2.0,False,True,False,False,False,False,False,True,False,False,True,False,False,False,False,False,True,False,False,False,False,False,False,False
681,0,3,-0.07093101738360587,0.0,0.0,True,False,False,False,False,False,True,False,False,False,False,True,False,False,True,False,False,False,False,True,False,False,False,False
682,1,1,0.9376450761706607,0.0,2.0,False,True,False,False,False,False,False,True,False,False,False,True,False,False,False,False,False,False,True,False,False,False,False,False
683,0,3,0.03529729095781514,0.0,0.0,False,True,False,False,False,False,False,False,False,True,False,True,False,False,False,True,False,False,False,True,False,False,False,False
684,0,3,-0.10469670538106424,7.0,5.0,False,True,False,False,False,False,False,False,False,True,False,False,False,False,False,True,False,False,False,True,False,False,False,False
685,0,2,0.6924071208444856,2.0,1.0,False,True,False,False,False,False,False,False,True,False,True,False,False,False,False,True,False,False,False,True,False,False,False,False
686,0,2,0.3884373377202384,3.0,2.0,False,True,False,False,False,False,False,False,True,False,False,True,False,False,False,False,False,False,False,True,False,False,False,False
687,0,3,-0.24316671323426484,5.0,5.0,False,True,False,False,False,False,False,False,False,True,False,False,False,False,False,True,False,False,False,True,False,False,False,False
688,0,3,0.11887087756681512,0.0,0.0,False,True,False,False,False,False,False,False,False,True,False,True,False,False,False,True,False,False,False,True,False,False,False,False
689,0,3,-0.106935159703483,0.0,0.0,False,True,False,False,False,False,False,False,False,True,False,True,False,False,False,True,False,False,False,True,False,False,False,False
690,1,1,1.8718551358511235,1.0,2.0,True,False,False,False,False,False,False,False,False,False,False,False,False,False,False,True,True,False,False,False,False,False,False,False
691,1,1,1.0362382679132747,1.0,1.0,False,True,False,False,False,False,False,True,False,False,False,True,False,False,False,True,True,False,False,False,False,False,False,False
692,1,3,0.3598438896278305,1.0,0.0,True,False,False,False,False,False,True,False,False,False,False,False,False,True,False,False,False,False,False,True,False,False,False,False
693,1,3,-0.0778491161706863,0.0,6.0,False,True,False,False,False,False,False,False,False,True,False,True,False,False,False,True,False,False,False,True,False,False,False,False
694,0,3,-0.1703195067167102,0.0,0.0,False,True,False,False,False,False,False,False,False,True,False,True,False,False,False,False,False,False,False,True,False,False,False,False
695,0,1,0.9716336864076672,0.0,0.0,False,False,False,False,True,False,False,True,False,False,True,False,False,False,False,True,False,False,False,True,False,False,False,False
696,0,2,0.36528656726647213,0.0,0.0,False,True,False,False,False,False,False,False,True,False,True,False,False,False,False,True,False,False,False,True,False,False,False,False
697,0,3,-0.08002080082508924,0.0,0.0,False,True,False,False,False,False,False,False,False,True,True,False,False,False,False,True,False,False,False,True,False,False,False,False
698,1,3,-0.1136717072326195,0.0,0.0,True,False,False,False,False,False,True,False,False,False,False,True,False,False,True,False,False,False,False,True,False,False,False,False
699,0,1,1.0109512437198152,2.0,3.0,False,True,False,False,False,False,False,True,False,False,True,False,False,False,False,False,False,True,False,False,False,False,False,False
700,0,3,-0.12272551438113141,0.0,0.0,False,True,False,False,False,False,False,False,False,True,True,False,False,False,False,True,False,False,False,False,False,True,False,False
701,1,1,1.6729562630679093,1.0,3.0,False,False,True,False,False,False,False,False,False,False,False,True,False,False,False,False,False,True,False,False,False,False,False,False
702,1,1,0.9625894872603052,0.0,0.0,False,True,False,False,False,False,False,True,False,False,False,True,False,False,False,True,False,False,False,False,True,False,False,False
703,0,3,-0.1700783423740472,1.0,1.0,True,False,False,False,False,False,True,False,False,False,False,True,False,False,False,False,False,False,False,True,False,False,False,False
704,0,3,-0.11276351606444411,0.0,0.0,False,True,False,False,False,False,False,False,False,True,False,True,False,False,True,False,False,False,False,True,False,False,False,False
705,0,3,-0.10068365069373389,1.0,0.0,False,True,False,False,False,False,False,False,False,True,False,True,False,False,False,True,False,False,False,True,False,False,False,False
706,0,2,0.3321364670134198,0.0,1.0,False,True,False,False,False,False,False,False,True,False,True,False,False,False,False,True,False,False,False,True,False,False,False,False
707,1,2,0.36528656726647213,0.0,0.0,False,False,True,False,False,True,False,False,False,False,True,False,False,False,False,True,False,False,False,True,False,False,False,False
708,1,1,0.9625894872603052,0.0,0.0,False,True,False,False,False,False,False,True,False,False,True,False,False,False,False,True,False,False,False,False,True,False,False,False
709,1,1,1.2972371673629717,0.0,3.0,True,False,False,False,False,False,False,False,False,False,False,True,False,False,False,True,False,False,False,True,False,False,False,False
710,1,3,-0.12568979645473227,2.0,1.0,False,False,False,False,False,False,False,False,False,True,False,True,False,False,False,False,False,False,False,True,False,False,False,False
711,1,1,1.5441613036216868,0.0,0.0,True,False,False,False,False,False,False,False,False,False,False,True,False,False,False,False,False,True,False,False,False,False,False,False
712,0,1,0.9716336864076672,0.0,0.0,False,True,False,False,False,False,False,True,False,False,True,False,False,False,False,True,False,True,False,False,False,False,False,False
713,1,1,0.9525835631200263,1.0,1.0,False,True,False,False,False,False,False,True,False,False,True,False,False,False,False,True,False,True,False,False,False,False,False,False
714,0,3,0.05886501377315571,0.0,0.0,False,True,False,False,False,False,False,False,False,True,False,True,False,False,False,True,False,False,False,True,False,False,False,False
715,0,2,-0.2574901993651713,0.0,1.0,False,True,False,False,False,False,False,False,True,False,True,False,False,False,False,True,False,False,False,True,False,False,False,False
716,0,3,-0.12272551438113141,0.0,0.0,False,True,False,False,False,False,False,False,False,True,False,True,False,False,False,True,False,False,False,False,False,True,False,False
717,1,1,1.6729562630679093,0.0,3.0,True,False,False,False,False,False,False,False,False,False,True,False,False,False,False,False,False,True,False,False,False,False,False,False
718,1,2,0.14630800544128583,0.0,0.0,True,False,False,False,False,True,False,False,False,False,False,True,False,False,False,True,False,False,False,False,True,False,False,False
719,0,3,0.48735042452432814,0.0,0.0,False,True,False,False,False,False,False,False,False,True,False,True,False,False,True,False,False,False,False,True,False,False,False,False
720,0,3,-0.10917175363165299,0.0,0.0,False,True,False,False,False,False,False,False,False,True,False,True,False,False,False,True,False,False,False,True,False,False,False,False
721,1,2,0.1865132611085638,1.0,2.0,True,False,False,False,False,True,False,False,False,False,False,False,False,True,False,True,False,False,False,True,False,False,False,False
722,0,3,-0.1901432599626212,1.0,0.0,False,True,False,False,False,False,False,False,False,True,False,False,False,False,False,True,False,False,False,True,False,False,False,False
723,0,2,0.3321364670134198,0.0,0.0,False,True,False,False,False,False,False,False,True,False,False,True,False,False,False,True,False,False,False,True,False,False,False,False
724,0,2,0.3321364670134198,0.0,0.0,False,True,False,False,False,False,False,False,True,False,True,False,False,False,False,True,False,False,False,True,False,False,False,False
725,1,1,0.9716336864076672,1.0,1.0,False,True,False,False,False,False,False,True,False,False,False,True,False,False,False,True,False,False,False,False,True,False,False,False
726,0,3,-0.018155861572313647,0.0,0.0,False,True,False,False,False,False,False,False,False,True,False,True,False,False,False,True,False,False,False,True,False,False,False,False
727,1,2,0.14630800544128583,3.0,1.0,False,False,True,False,False,True,False,False,False,False,False,True,False,False,False,True,False,False,False,True,False,False,False,False
728,1,3,-0.11321750250967484,0.0,0.0,True,False,False,False,False,False,True,False,False,False,False,True,False,False,True,False,False,False,False,True,False,False,False,False
729,0,2,0.9525835631200263,1.0,0.0,False,True,False,False,False,False,False,False,True,False,False,True,False,False,False,True,False,False,False,True,False,False,False,False
730,0,3,-0.09315982930482611,1.0,0.0,True,False,False,False,False,False,True,False,False,False,False,True,False,False,False,True,False,False,False,True,False,False,False,False
731,1,1,1.8718551358511235,0.0,2.0,True,False,False,False,False,False,False,False,False,False,False,True,False,False,False,True,True,False,False,False,False,False,False,False
732,0,3,0.05076073705386173,0.0,1.0,False,True,False,False,False,False,False,False,False,True,False,False,False,True,False,False,False,False,False,True,False,False,False,False
733,0,2,-2.160930636783589,0.0,0.0,False,True,False,False,False,False,False,False,True,False,False,True,False,False,False,True,False,False,False,True,False,False,False,False
734,0,2,0.3321364670134198,0.0,0.0,False,True,False,False,False,False,False,False,True,False,False,True,False,False,False,True,False,False,False,True,False,False,False,False
735,0,2,0.3321364670134198,0.0,0.0,False,True,False,False,False,False,False,False,True,False,False,True,False,False,False,True,False,False,False,True,False,False,False,False
736,0,3,-0.08002080082508924,0.0,1.0,False,True,False,False,False,False,False,False,False,True,False,True,False,False,False,True,False,False,False,True,False,False,False,False
737,0,3,-0.02490142097749254,4.0,3.0,False,False,True,False,False,False,True,False,False,False,True,False,False,False,False,True,False,False,False,True,False,False,False,False
738,1,1,2.7005802926840414,0.0,2.0,False,True,False,False,False,False,False,True,False,False,False,True,False,False,False,False,True,False,False,False,False,False,False,False
739,0,3,-0.09625561709496656,0.0,0.0,False,True,False,False,False,False,False,False,False,True,False,True,False,False,False,True,False,False,False,True,False,False,False,False
740,0,3,-0.09625561709496656,0.0,0.0,False,True,False,False,False,False,False,False,False,True,False,True,False,False,False,True,False,False,False,True,False,False,False,False
741,1,1,1.0830915518552158,0.0,0.0,False,True,False,False,False,False,False,True,False,False,True,False,False,False,False,True,False,False,True,False,False,False,False,False
742,0,1,1.333867683190431,1.0,1.0,False,True,False,False,False,False,False,True,False,False,True,False,False,False,False,True,False,True,False,False,False,False,False,False
743,1,1,2.4531000955807305,4.0,1.0,True,False,False,False,False,False,False,False,False,False,False,True,False,False,False,False,True,False,False,False,False,False,False,False
744,0,3,0.5210926156266832,1.0,0.0,False,True,False,False,False,False,False,False,False,True,False,True,False,False,False,True,False,False,False,True,False,False,False,False
745,1,3,-0.09315982930482611,0.0,0.0,False,True,False,False,False,False,False,False,False,True,False,True,False,False,False,True,False,False,False,True,False,False,False,False
746,0,1,1.2373816159730344,2.0,1.0,False,False,False,False,True,False,False,True,False,False,False,False,True,False,False,True,True,False,False,False,False,False,False,False
747,0,3,0.11498974776172559,2.0,1.0,False,True,False,False,False,False,False,False,False,True,False,False,False,False,False,True,False,False,False,True,False,False,False,False
748,1,2,0.3321364670134198,0.0,0.0,True,False,False,False,False,True,False,False,False,False,False,True,False,False,False,True,False,False,False,True,False,False,False,False
749,0,1,1.6091342700321056,1.0,0.0,False,True,False,False,False,False,False,True,False,False,False,True,False,False,False,True,False,False,True,False,False,False,False,False
750,0,3,-0.11186699346031488,0.0,0.0,False,True,False,False,False,False,False,False,False,True,False,True,False,False,True,False,False,False,False,True,False,False,False,False
751,1,2,0.841316176737371,2.0,0.0,True,False,False,False,False,True,False,False,False,False,False,False,False,True,False,True,False,False,False,True,False,False,False,False
752,1,3,-0.2911465142873717,1.0,1.0,False,False,False,False,False,False,False,False,False,True,False,False,False,True,False,True,False,False,False,False,True,False,False,False
753,0,3,0.06036870239034407,0.0,0.0,False,True,False,False,False,False,False,False,False,True,False,True,False,False,False,True,False,False,False,True,False,False,False,False
754,0,3,-0.09625561709496656,0.0,0.0,False,True,False,False,False,False,False,False,False,True,False,True,False,False,False,True,False,False,False,True,False,False,False,False
755,1,2,1.1563593359637436,3.0,1.0,False,False,True,False,False,True,False,False,False,False,True,False,False,False,False,True,False,False,False,True,False,False,False,False
756,1,2,-0.16745249110447907,2.0,1.0,False,False,False,False,False,False,False,False,True,False,False,False,False,True,False,True,False,False,False,True,False,False,False,False
757,0,3,-0.106935159703483,0.0,0.0,False,True,False,False,False,False,False,False,False,True,False,True,False,False,False,True,False,False,False,True,False,False,False,False
758,0,2,0.22507702041297695,0.0,0.0,False,True,False,False,False,False,False,False,True,False,False,True,False,False,False,True,False,False,False,True,False,False,False,False
759,0,3,-0.08002080082508924,0.0,0.0,False,True,False,False,False,False,False,False,False,True,False,True,False,False,False,True,False,False,False,True,False,False,False,False
760,1,1,1.0468527719345682,0.0,2.0,False,False,False,True,False,False,False,False,False,False,False,True,False,False,False,True,True,False,False,False,False,False,False,False
761,0,3,-0.16745249110447907,0.0,1.0,False,True,False,False,False,False,False,False,False,True,False,True,False,False,False,True,False,False,False,True,False,False,False,False
762,0,3,-0.1818753807098956,0.0,0.0,False,True,False,False,False,False,False,False,False,True,True,False,False,False,False,True,False,False,False,True,False,False,False,False
763,1,3,-0.16983723958168734,0.0,0.0,False,True,False,False,False,False,False,False,False,True,False,True,False,False,False,False,False,False,False,True,False,False,False,False
764,1,1,1.0830915518552158,3.0,3.0,False,False,True,False,False,False,False,False,False,False,True,False,False,False,False,True,True,False,False,False,False,False,False,False
765,0,3,-0.10917175363165299,0.0,0.0,False,True,False,False,False,False,False,False,False,True,False,False,False,False,False,True,False,False,False,True,False,False,False,False
766,1,1,0.9520971021581797,1.0,2.0,False,False,True,False,False,False,False,False,False,False,True,False,False,False,False,True,False,False,True,False,False,False,False,False
767,0,1,1.3379483846507947,0.0,0.0,False,False,False,False,True,False,False,True,False,False,True,False,False,False,False,False,False,False,False,True,False,False,False,False
768,0,3,-0.11186699346031488,0.0,0.0,True,False,False,False,False,False,True,False,False,False,False,True,False,False,True,False,False,False,False,True,False,False,False,False
769,0,3,-0.08002080082508924,1.0,2.0,False,True,False,False,False,False,False,False,False,True,False,True,False,False,True,False,False,False,False,True,False,False,False,False
770,0,3,-0.047951159232483,0.0,0.0,False,True,False,False,False,False,False,False,False,True,False,True,False,False,False,True,False,False,False,True,False,False,False,False
771,0,3,0.06036870239034407,0.0,0.0,False,True,False,False,False,False,False,False,False,True,False,True,False,False,False,True,False,False,False,True,False,False,False,False
772,0,3,-0.10068365069373389,0.0,0.0,False,True,False,False,False,False,False,False,False,True,True,False,False,False,False,True,False,False,False,True,False,False,False,False
773,0,2,-0.42972589521583027,0.0,1.0,False,False,True,False,False,True,False,False,False,False,True,False,False,False,False,True,False,False,False,False,True,False,False,False
774,0,3,-0.1703195067167102,0.0,0.0,False,True,False,False,False,False,False,False,False,True,False,True,False,False,False,False,False,False,False,True,False,False,False,False
775,1,2,0.841316176737371,4.0,0.0,False,False,True,False,False,True,False,False,False,False,True,False,False,False,False,True,False,False,False,True,False,False,False,False
776,0,3,-0.11186699346031488,0.0,0.0,False,True,False,False,False,False,False,False,False,True,False,True,False,False,False,True,False,False,False,True,False,False,False,False
777,0,3,-0.11186699346031488,0.0,0.0,False,True,False,False,False,False,False,False,False,True,False,True,False,False,True,False,False,False,False,False,False,True,False,False
778,1,3,-0.2911465142873717,0.0,1.0,True,False,False,False,False,False,True,False,False,False,False,False,False,True,False,True,False,False,False,True,False,False,False,False
779,0,3,-0.11321750250967484,0.0,0.0,False,True,False,False,False,False,False,False,False,True,False,True,False,False,True,False,False,False,False,True,False,False,False,False
780,1,1,1.8718551358511235,1.0,2.0,False,False,True,False,False,False,False,False,False,False,True,False,False,False,False,True,True,False,False,False,False,False,False,False
781,1,3,-0.16983723958168734,0.0,0.0,True,False,False,False,False,False,True,False,False,False,False,False,False,False,False,False,False,False,False,True,False,False,False,False
782,1,1,1.0362382679132747,1.0,1.0,False,False,True,False,False,False,False,False,False,False,False,False,False,False,False,True,True,False,False,False,False,False,False,False
783,0,1,1.0830915518552158,0.0,0.0,False,True,False,False,False,False,False,True,False,False,False,True,False,False,False,True,False,False,True,False,False,False,False,False
784,0,3,0.24193005066778278,3.0,1.0,False,True,False,False,False,False,False,False,False,True,False,True,False,False,False,True,False,False,False,True,False,False,False,False
785,0,3,-0.190636008432006,0.0,0.0,False,True,False,False,False,False,False,False,False,True,False,True,False,False,False,True,False,False,False,True,False,False,False,False
786,0,3,-0.16745249110447907,0.0,0.0,False,True,False,False,False,False,False,False,False,True,False,True,False,False,False,True,False,False,False,True,False,False,False,False
787,1,3,-0.1397178653112396,0.0,0.0,True,False,False,False,False,False,True,False,False,False,False,True,False,False,False,True,False,False,False,True,False,False,False,False
788,0,3,-0.34658369873252803,5.0,4.0,False,False,False,False,False,False,False,False,False,True,False,False,False,True,True,False,False,False,False,True,False,False,False,False
789,1,3,0.12868865144400396,3.0,1.0,False,False,False,False,False,False,False,False,False,True,False,False,False,True,False,True,False,False,False,True,False,False,False,False
790,0,1,1.3379483846507947,0.0,1.0,False,True,False,False,False,False,False,True,False,False,True,False,False,False,False,False,True,False,False,False,False,False,False,False
791,0,3,-0.11186699346031488,0.0,0.0,False,True,False,False,False,False,False,False,False,True,False,True,False,False,True,False,False,False,False,True,False,False,False,False
792,0,2,0.3321364670134198,0.0,1.0,False,True,False,False,False,False,False,False,True,False,False,False,False,False,False,True,False,False,False,True,False,False,False,False
793,0,3,0.0987782154834359,10.0,6.0,True,False,False,False,False,False,True,False,False,False,False,True,False,False,False,True,False,False,False,True,False,False,False,False
794,0,1,1.1040606110789237,0.0,0.0,False,True,False,False,False,False,False,True,False,False,True,False,False,False,False,False,False,False,False,True,False,False,False,False
795,0,3,-0.09625561709496656,0.0,0.0,False,True,False,False,False,False,False,False,False,True,False,True,False,False,False,True,False,False,False,True,False,False,False,False
796,0,2,0.3321364670134198,0.0,0.0,False,True,False,False,False,False,False,False,True,False,True,False,False,False,False,True,False,False,False,True,False,False,False,False
797,1,1,0.9501031462957412,0.0,0.0,False,False,False,False,True,False,False,False,False,False,True,False,False,False,False,True,False,False,True,False,False,False,False,False
798,1,3,-0.016124477944907532,0.0,0.0,False,False,True,False,False,False,True,False,False,False,False,True,False,False,False,True,False,False,False,True,False,False,False,False
799,0,3,-0.16983723958168734,0.0,0.0,False,True,False,False,False,False,False,False,False,True,False,True,False,False,False,False,False,False,False,True,False,False,False,False
800,0,3,-0.08002080082508924,2.0,2.0,False,False,True,False,False,False,True,False,False,False,False,True,False,False,False,True,False,False,False,True,False,False,False,False
801,0,2,-0.2574901993651713,0.0,1.0,False,True,False,False,False,False,False,False,True,False,False,True,False,False,False,True,False,False,False,True,False,False,False,False
802,1,2,-0.009639684859236207,2.0,2.0,False,False,True,False,False,True,False,False,False,False,False,True,False,False,False,True,False,False,False,True,False,False,False,False
803,1,1,1.0830915518552158,3.0,3.0,False,False,False,False,False,False,False,True,False,False,False,False,False,True,False,True,True,False,False,False,False,False,False,False
804,1,3,-0.032519039529245966,1.0,0.0,False,False,False,False,False,False,False,False,False,True,False,False,False,True,False,False,False,False,False,True,False,False,False,False
805,1,3,-0.19947864010164287,0.0,0.0,False,True,False,False,False,False,False,False,False,True,False,True,False,False,False,True,False,False,False,True,False,False,False,False
806,0,3,-0.10917175363165299,0.0,0.0,False,True,False,False,False,False,False,False,False,True,False,True,False,False,False,True,False,False,False,True,False,False,False,False
807,0,1,-2.160930636783589,0.0,0.0,False,True,False,False,False,False,False,True,False,False,True,False,False,False,False,True,False,False,False,False,False,False,False,False
808,0,3,-0.10917175363165299,0.0,0.0,True,False,False,False,False,False,True,False,False,False,False,True,False,False,False,True,False,False,False,True,False,False,False,False
809,0,2,0.3321364670134198,0.0,0.0,False,True,False,False,False,False,False,False,True,False,True,False,False,False,False,True,False,False,False,True,False,False,False,False
810,1,1,0.9716336864076672,1.0,1.0,False,False,True,False,False,False,False,False,False,False,False,True,False,False,False,True,False,False,False,False,True,False,False,False
811,0,3,-0.09713743905131667,0.0,0.0,False,True,False,False,False,False,False,False,False,True,False,True,False,False,False,True,False,False,False,True,False,False,False,False
812,0,3,0.2675625008050505,0.0,1.0,False,True,False,False,False,False,False,False,False,True,True,False,False,False,False,True,False,False,False,True,False,False,False,False
813,0,2,0.14630800544128583,0.0,0.0,False,True,False,False,False,False,False,False,True,False,False,True,False,False,False,True,False,False,False,True,False,False,False,False
814,0,3,-0.5560247001453711,6.0,6.0,True,False,False,False,False,False,True,False,False,False,False,False,False,True,False,True,False,False,False,True,False,False,False,False
815,0,3,-0.08002080082508924,0.0,0.0,False,True,False,False,False,False,False,False,False,True,False,True,False,False,False,True,False,False,False,True,False,False,False,False
816,0,1,-2.160930636783589,0.0,0.0,False,True,False,False,False,False,False,True,False,False,True,False,False,False,False,True,True,False,False,False,False,False,False,False
817,0,3,-0.09315982930482611,0.0,0.0,True,False,False,False,False,False,True,False,False,False,False,True,False,False,False,True,False,False,False,True,False,False,False,False
818,0,2,0.6452649601601476,2.0,1.0,False,True,False,False,False,False,False,False,True,False,False,True,False,False,False,False,False,False,False,True,False,False,False,False
819,0,3,-0.2638091588395642,0.0,0.0,False,True,False,False,False,False,False,False,False,True,True,False,False,False,False,True,False,False,False,True,False,False,False,False
820,0,3,-0.5250686847541721,5.0,5.0,False,False,False,False,False,False,False,False,False,True,False,False,False,True,False,True,False,False,False,True,False,False,False,False
821,1,1,1.49118602152638,2.0,1.0,False,False,True,False,False,False,False,False,False,False,True,False,False,False,False,True,True,False,False,False,False,False,False,False
822,1,3,-0.018155861572313647,0.0,0.0,False,True,False,False,False,False,False,False,False,True,False,True,False,False,False,True,False,False,False,True,False,False,False,False
823,0,1,-2.160930636783589,0.0,0.0,False,False,False,True,False,False,False,True,False,False,True,False,False,False,False,True,False,False,False,True,False,False,False,False
824,1,3,-0.2911465142873717,1.0,1.0,False,False,True,False,False,False,True,False,False,False,False,True,False,False,False,True,False,False,False,False,True,False,False,False
825,0,3,-0.24316671323426484,5.0,5.0,False,False,False,False,False,False,False,False,False,True,False,False,False,True,False,True,False,False,False,True,False,False,False,False
826,0,3,-0.20244467368148591,0.0,0.0,False,True,False,False,False,False,False,False,False,True,False,True,False,False,True,False,False,False,False,True,False,False,False,False
827,0,3,-0.0778491161706863,0.0,6.0,False,True,False,False,False,False,False,False,False,True,False,True,False,False,False,True,False,False,False,True,False,False,False,False
828,1,2,0.6452649601601476,2.0,1.0,False,False,False,False,False,False,False,False,True,False,False,False,False,True,False,False,False,False,False,True,False,False,False,False
829,1,3,-0.11186699346031488,0.0,0.0,False,True,False,False,False,False,False,False,False,True,False,True,False,False,True,False,False,False,False,True,False,False,False,False
830,1,1,1.3472100364732928,0.0,1.0,False,False,True,False,False,False,False,False,False,False,False,False,True,False,False,True,True,False,False,False,False,False,False,False
831,1,3,-0.1700783423740472,1.0,1.0,False,False,True,False,False,False,True,False,False,False,False,False,False,False,False,False,False,False,False,True,False,False,False,False
832,1,2,-0.2895163483623351,2.0,2.0,False,False,False,False,False,False,False,False,True,False,False,False,False,True,False,True,False,False,False,True,False,False,False,False
833,0,3,-0.16983723958168734,0.0,0.0,False,True,False,False,False,False,False,False,False,True,False,True,False,False,False,False,False,False,False,True,False,False,False,False
834,0,3,-0.10068365069373389,0.0,0.0,False,True,False,False,False,False,False,False,False,True,False,True,False,False,False,True,False,False,False,True,False,False,False,False
835,0,3,-0.05427858355173928,0.0,0.0,False,True,False,False,False,False,False,False,False,True,False,True,False,False,False,True,False,False,False,True,False,False,False,False
836,1,1,2.0265560475817415,2.0,0.0,True,False,False,False,False,False,False,False,False,False,True,False,False,False,False,False,False,False,False,False,True,False,False,False
837,0,3,-0.018155861572313647,0.0,0.0,False,True,False,False,False,False,False,False,False,True,False,True,False,False,False,True,False,False,False,True,False,False,False,False
838,0,3,-0.08002080082508924,0.0,0.0,False,True,False,False,False,False,False,False,False,True,False,True,False,False,False,True,False,False,False,True,False,False,False,False
839,1,3,-0.0778491161706863,0.0,6.0,False,True,False,False,False,False,False,False,False,True,False,True,False,False,False,True,False,False,False,True,False,False,False,False
840,1,1,1.0739049551250495,0.0,0.0,False,True,False,False,False,False,False,True,False,False,True,False,False,False,False,False,False,True,False,False,False,False,False,False
841,0,3,-0.09315982930482611,0.0,0.0,False,True,False,False,False,False,False,False,False,True,False,True,False,False,False,True,False,False,False,True,False,False,False,False
842,0,2,-0.42972589521583027,0.0,1.0,False,True,False,False,False,False,False,False,True,False,False,False,False,False,False,True,False,False,False,True,False,False,False,False
843,1,1,0.48735042452432814,0.0,1.0,True,False,False,False,False,False,False,False,False,False,False,True,False,False,False,False,False,False,False,True,False,False,False,False
844,0,3,-0.2653955251554855,0.0,0.0,False,True,False,False,False,False,False,False,False,True,False,True,False,False,False,False,False,False,False,True,False,False,False,False
845,0,3,-0.018155861572313647,0.0,0.0,False,True,False,False,False,False,False,False,False,True,False,False,False,False,False,True,False,False,False,True,False,False,False,False
846,0,3,-0.13371030000212406,0.0,0.0,False,True,False,False,False,False,False,False,False,True,True,False,False,False,False,True,False,False,False,True,False,False,False,False
847,0,3,0.0987782154834359,10.0,6.0,False,True,False,False,False,False,False,False,False,True,False,True,False,False,False,True,False,False,False,True,False,False,False,False
848,0,3,-0.09625561709496656,0.0,0.0,False,True,False,False,False,False,False,False,False,True,False,True,False,False,False,False,False,False,False,True,False,False,False,False
849,0,2,0.1865132611085638,1.0,2.0,False,False,False,False,True,False,False,False,True,False,False,True,False,False,False,True,False,False,False,True,False,False,False,False
850,1,1,1.446670445023964,1.0,1.0,False,False,True,False,False,False,False,False,False,False,False,True,False,False,False,False,False,True,False,False,False,False,False,False
851,0,3,-0.5560247001453711,6.0,6.0,False,False,False,False,False,False,False,False,False,True,False,False,False,True,False,True,False,False,False,True,False,False,False,False
852,0,3,-0.10917175363165299,0.0,0.0,False,True,False,False,False,False,False,False,False,True,False,False,True,False,False,True,False,False,False,True,False,False,False,False
853,0,3,-0.12568979645473227,2.0,1.0,True,False,False,False,False,False,True,False,False,False,False,False,False,True,False,False,False,False,False,True,False,False,False,False
854,1,1,1.3332832842116102,1.0,0.0,True,False,False,False,False,False,False,False,False,False,False,False,False,False,False,True,False,False,True,False,False,False,False,False
855,0,2,0.3321364670134198,1.0,1.0,False,False,True,False,False,True,False,False,False,False,True,False,False,False,False,True,False,False,False,True,False,False,False,False
856,1,3,0.046775936668869054,1.0,0.0,False,False,True,False,False,False,True,False,False,False,False,True,False,False,False,True,False,False,False,True,False,False,False,False
857,1,1,2.0183831976348023,2.0,1.0,False,False,True,False,False,False,False,False,False,False,True,False,False,False,False,True,False,False,False,True,False,False,False,False
858,1,1,0.9716336864076672,0.0,0.0,False,True,False,False,False,False,False,True,False,False,True,False,False,False,False,True,False,False,False,False,True,False,False,False
859,1,3,-0.4979448632765724,3.0,3.0,False,False,True,False,False,False,True,False,False,False,False,True,False,False,False,False,False,False,False,True,False,False,False,False
860,0,3,-0.16983723958168734,0.0,0.0,False,True,False,False,False,False,False,False,False,True,False,True,False,False,False,False,False,False,False,True,False,False,False,False
861,0,3,0.40410880802490706,2.0,0.0,False,True,False,False,False,False,False,False,False,True,True,False,False,False,False,True,False,False,False,True,False,False,False,False
862,0,2,0.22507702041297695,1.0,0.0,False,True,False,False,False,False,False,False,True,False,False,True,False,False,False,True,False,False,False,True,False,False,False,False
863,1,1,0.9501031462957412,0.0,0.0,False,False,True,False,False,False,False,False,False,False,True,False,False,False,False,True,False,False,True,False,False,False,False,False
864,0,3,0.0987782154834359,10.0,6.0,True,False,False,False,False,False,True,False,False,False,False,True,False,False,False,True,False,False,False,True,False,False,False,False
865,0,2,0.3321364670134198,0.0,0.0,False,True,False,False,False,False,False,False,True,False,False,True,False,False,False,True,False,False,False,True,False,False,False,False
866,1,2,0.3321364670134198,0.0,0.0,False,False,True,False,False,True,False,False,False,False,True,False,False,False,False,True,False,False,False,True,False,False,False,False
867,1,2,0.3883462117270328,1.0,0.0,True,False,False,False,False,True,False,False,False,False,False,True,False,False,False,False,False,False,False,True,False,False,False,False
868,0,1,1.562529443060008,0.0,0.0,False,True,False,False,False,False,False,True,False,False,False,True,False,False,False,True,False,False,False,False,False,False,False,False
869,0,3,0.06036870239034407,0.0,0.0,False,True,False,False,False,False,False,False,False,True,False,True,False,False,False,True,False,False,False,True,False,False,False,False
870,1,3,-0.6967494390935358,2.0,2.0,False,False,False,False,False,False,False,False,False,True,False,False,False,True,False,True,False,False,False,True,False,False,False,False
871,0,3,-0.09625561709496656,0.0,0.0,False,True,False,False,False,False,False,False,False,True,False,True,False,False,False,True,False,False,False,True,False,False,False,False
872,1,1,0.962229375331399,2.0,1.0,False,False,True,False,False,False,False,False,False,False,True,False,False,False,False,True,False,False,True,False,False,False,False,False
873,0,1,-0.4682896545202434,0.0,0.0,False,True,False,False,False,False,False,True,False,False,False,True,False,False,False,True,True,False,False,False,False,False,False,False
874,0,3,0.014277565257904861,0.0,0.0,False,True,False,False,False,False,False,False,False,True,True,False,False,False,False,True,False,False,False,True,False,False,False,False
875,1,2,0.2621280797638395,1.0,1.0,False,False,True,False,False,True,False,False,False,False,False,True,False,False,False,False,False,False,False,True,False,False,False,False
876,1,3,-0.1703195067167102,0.0,0.0,True,False,False,False,False,False,True,False,False,False,False,False,False,False,False,False,False,False,False,True,False,False,False,False
877,0,3,-0.4805074730238123,0.0,1.0,False,True,False,False,False,False,False,False,False,True,False,True,False,False,False,True,False,False,False,True,False,False,False,False
878,0,3,-0.09625561709496656,0.0,0.0,False,True,False,False,False,False,False,False,False,True,False,True,False,False,False,True,False,False,False,True,False,False,False,False
879,0,3,-0.09625561709496656,0.0,0.0,False,True,False,False,False,False,False,False,False,True,False,True,False,False,False,True,False,False,False,True,False,False,False,False
880,1,1,1.38291201304877,1.0,1.0,False,False,True,False,False,False,False,False,False,False,True,False,False,False,False,False,False,True,False,False,False,False,False,False
881,1,2,0.3321364670134198,1.0,1.0,False,False,True,False,False,True,False,False,False,False,False,True,False,False,False,True,False,False,False,True,False,False,False,False
882,0,3,-0.09625561709496656,0.0,0.0,False,True,False,False,False,False,False,False,False,True,False,True,False,False,False,True,False,False,False,True,False,False,False,False
883,0,3,0.1476788513156278,0.0,0.0,True,False,False,False,False,False,True,False,False,False,False,True,False,False,False,True,False,False,False,True,False,False,False,False
884,0,2,0.14630800544128583,0.0,0.0,False,True,False,False,False,False,False,False,True,False,False,True,False,False,False,True,False,False,False,True,False,False,False,False
885,0,3,-0.190636008432006,0.0,0.0,False,True,False,False,False,False,False,False,False,True,False,True,False,False,False,True,False,False,False,True,False,False,False,False
886,0,3,-0.34658369873252803,5.0,4.0,False,False,True,False,False,False,True,False,False,False,True,False,False,False,True,False,False,False,False,True,False,False,False,False
887,0,2,0.3321364670134198,0.0,0.0,False,False,False,False,True,False,False,False,True,False,False,True,False,False,False,True,False,False,False,True,False,False,False,False
888,1,1,1.0830915518552158,0.0,0.0,True,False,False,False,False,False,False,False,False,False,False,True,False,False,False,True,True,False,False,False,False,False,False,False
889,0,3,0.24193005066778278,3.0,1.0,True,False,False,False,False,False,True,False,False,False,False,True,False,False,False,True,False,False,False,True,False,False,False,False
890,1,1,1.0830915518552158,0.0,0.0,False,True,False,False,False,False,False,True,False,False,False,True,False,False,False,False,False,True,False,False,False,False,False,False
891,0,3,-0.11186699346031488,0.0,0.0,False,True,False,False,False,False,False,False,False,True,False,True,False,False,True,False,False,False,False,True,False,False,False,False
